,FECHA,DESCRIPCION,CREDIT/DEBIT,SALDO
0,2024-01-01,ABONO INTERESES AHORROS,8.63,6452567.86
1,2024-01-01,TRANSFERENCIA CTA SUC VIRTUAL,-39450.0,6413117.86
2,2024-01-01,TRANSFERENCIA CTA SUC VIRTUAL,-110362.0,6302755.86
3,2024-01-02,ABONO INTERESES AHORROS,8.58,6302764.44
4,2024-01-02,COMPRA INTL  PAYPAL  DISNEYPLU,-32410.98,6270353.46
5,2024-01-03,PAGO AUTOM TC MASTER PESOS,-33390.0,6236963.46
6,2024-01-07,ABONO INTERESES AHORROS,42.7,6237006.16
7,2024-01-08,PAGO PSE COMUNICACION CELULAR,-130508.0,6106498.16
8,2024-01-14,ABONO INTERESES AHORROS,58.52,6106556.68
9,2024-01-15,PAGO DE NOMI UNIV DE IBAGUE,2340775.0,8447331.68
10,2024-01-16,ABONO INTERESES AHORROS,23.14,8447354.82
11,2024-01-17,COMPRA EN  SUPERMERCA,-100647.0,8203149.94
12,2024-01-17,ABONO INTERESES AHORROS,11.12,8447365.94
13,2024-01-17,COMPRA EN  SUPERMERCA,-9220.0,8193929.94
14,2024-01-17,COMPRA EN  ANDRES PAR,-72000.0,8121929.94
15,2024-01-17,COMPRA EN  RICOTTA TR,-143569.0,8303796.94
16,2024-01-18,ABONO INTERESES AHORROS,9.02,8121938.96
17,2024-01-18,COMPRA EN  METRO IBAG,-348000.0,7773938.96
18,2024-01-18,RETIRO CAJERO  UNIVERSIDAD IBA,-1000000.0,6773938.96
19,2024-01-18,TRANSFERENCIA CTA SUC VIRTUAL,-183000.0,6590938.96
20,2024-01-19,ABONO INTERESES AHORROS,8.27,6590947.23
21,2024-01-19,RETIRO CAJERO  PLAZA DEL BOSQU,-200000.0,6390947.23
22,2024-01-19,COMPRA INTL  IEEE PRODUCTS AND,-348286.27,6042660.96
23,2024-01-20,ABONO INTERESES AHORROS,7.72,6042668.68
24,2024-01-20,COMPRA EN  SUPERMERCA,-167134.0,5875534.68
25,2024-01-20,COMPRA EN  JUAN VALDE,-32100.0,5843434.68
26,2024-01-20,COMPRA EN  LIDA EUGEN,-76600.0,5766834.68
27,2024-01-20,COMPRA EN  SUPER SELE,-25200.0,5741634.68
28,2024-01-20,TRANSFERENCIA CTA SUC VIRTUAL,-100900.0,5640734.68
29,2024-01-21,ABONO INTERESES AHORROS,7.08,5640741.76
30,2024-01-21,COMPRA EN  METRO IBAG,-48960.0,5591781.76
31,2024-01-21,COMPRA EN  BOLD*El Ca,-126900.0,5464881.76
32,2024-01-21,COMPRA EN  SUPERMERCA,-89900.0,5374981.76
33,2024-01-21,RETIRO CAJERO  PLAZA DEL BOSQU,-200000.0,5174981.76
34,2024-01-22,PAGO IBAL S.A. ESP,-16600.0,5158381.76
35,2024-01-22,PAGO APP ALCANOS DE COLOMBIA,-11370.0,5147011.76
36,2024-01-26,ABONO INTERESES AHORROS,35.25,5147047.01
37,2024-01-27,ABONO INTERESES AHORROS,6.7,5147053.71
38,2024-01-27,COMPRA EN  SUPERMERCA,-43383.0,5103670.71
39,2024-01-27,COMPRA INTL  PAYPAL  WSEQUERAT,-206913.02,4896757.69
40,2024-01-28,ABONO INTERESES AHORROS,6.56,4896764.25
41,2024-01-28,COMPRA EN  EXITO WOW,-95200.0,4801564.25
42,2024-01-28,PAGO PSE COMUNICACION CELULAR,-11000.0,4790564.25
43,2024-01-29,ABONO INTERESES AHORROS,6.49,4790570.74
44,2024-01-29,COMPRA EN  TIENDA D1,-49610.0,4740960.74
45,2024-01-30,PAGO DE NOMI UNIV DE IBAGUE,4480484.0,9221444.74
46,2024-01-30,RETIRO CAJERO  UNIVERSIDAD IBA,-100000.0,9121444.74
47,2024-01-30,RETIRO CAJERO  PLAZA DEL BOSQU,-1000000.0,8121444.74
48,2024-01-31,ABONO INTERESES AHORROS,22.24,8121466.98
49,2024-02-01,ABONO INTERESES AHORROS,7.01,8121473.99
50,2024-02-01,TRANSFERENCIA CTA SUC VIRTUAL,-3000000.0,5121473.99
51,2024-02-02,TRANSFERENCIA CTA SUC VIRTUAL,-1000000.0,4023379.45
52,2024-02-02,COMPRA INTL  PAYPAL  DISNEYPLU,-32745.8,3990633.65
53,2024-02-02,ABONO INTERESES AHORROS,5.46,5121479.45
54,2024-02-02,COMPRA EN  HELADERIA,-21800.0,5099679.45
55,2024-02-02,COMPRA EN  JHON PEZ F,-76300.0,5023379.45
56,2024-02-03,ABONO INTERESES AHORROS,5.36,3990639.01
57,2024-02-03,COMPRA EN  SURTIPLAZA,-77600.0,3913039.01
58,2024-02-04,ABONO INTERESES AHORROS,5.15,3913044.16
59,2024-02-04,COMPRA EN  HELADERIA,-21800.0,3891244.16
60,2024-02-04,PAGO PSE COMUNICACION CELULAR,-31000.0,3860244.16
61,2024-02-04,RETIRO CAJERO  CAJERO AUTO C.C,-100000.0,3760244.16
62,2024-02-05,COMPRA EN  SUPERMERCA,-38150.0,3722094.16
63,2024-02-05,PAGO PSE COMUNICACION CELULAR,-31000.0,3691094.16
64,2024-02-05,PAGO AUTOM TC MASTER PESOS,-33390.0,3657704.16
65,2024-02-06,ABONO INTERESES AHORROS,10.02,3657714.18
66,2024-02-07,ABONO INTERESES AHORROS,3.92,3657718.1
67,2024-02-07,COMPRA EN  SUPERMERCA,-83569.0,3574149.1
68,2024-02-07,PAGO PSE COMUNICACION CELULAR,-130508.0,3443641.1
69,2024-02-07,RETIRO CAJERO  UNIVERSIDAD IBA,-100000.0,3343641.1
70,2024-02-07,TRANSFERENCIA CTA SUC VIRTUAL,-249000.0,3094641.1
71,2024-02-07,TRANSFERENCIA CTA SUC VIRTUAL,-227000.0,2867641.1
72,2024-02-08,ABONO INTERESES AHORROS,3.86,2867644.96
73,2024-02-08,COMPRA EN  SUPERMERCA,-19670.0,2847974.96
74,2024-02-08,COMPRA EN  TIENDA D1,-27180.0,2820794.96
75,2024-02-09,ABONO INTERESES AHORROS,3.59,2820798.55
76,2024-02-09,COMPRA EN  TIENDA D1,-49370.0,2771428.55
77,2024-02-09,COMPRA EN  JHON PEZ F,-48650.0,2722778.55
78,2024-02-09,RETIRO CAJERO  UNIVERSIDAD IBA,-100000.0,2622778.55
79,2024-02-10,ABONO INTERESES AHORROS,3.48,2622782.03
80,2024-02-10,COMPRA EN  RICOTTA TR,-10900.0,2611882.03
81,2024-02-10,COMPRA EN  SUPERMERCA,-68789.0,2543093.03
82,2024-02-11,COMPRA EN  TIENDA D1,-41580.0,2501513.03
83,2024-02-11,COMPRA EN  SUPERMERCA,-32800.0,2468713.03
84,2024-02-11,RETIRO CAJERO  PLAZA DEL BOSQU,-20000.0,2448713.03
85,2024-02-12,ABONO INTERESES AHORROS,6.7,2448719.73
86,2024-02-13,ABONO INTERESES AHORROS,3.2,2448722.93
87,2024-02-13,COMPRA EN  EPS SANITA,-47700.0,2401022.93
88,2024-02-13,COMPRA EN  SUPERMERCA,-61800.0,2339222.93
89,2024-02-14,PAGO DE NOMI UNIV DE IBAGUE,3656208.0,5995430.93
90,2024-02-14,ABONO INTERESES AHORROS,8.21,5995439.14
91,2024-02-15,ABONO INTERESES AHORROS,4.1,5995443.24
92,2024-02-15,RETIRO CAJERO  UNIVERSIDAD IBA,-1000000.0,4995443.24
93,2024-02-15,TRANSFERENCIA CTA SUC VIRTUAL,-2000000.0,2995443.24
94,2024-02-16,ABONO INTERESES AHORROS,3.65,2995446.89
95,2024-02-16,COMPRA EN  SUPERMERCA,-65975.0,2929471.89
96,2024-02-16,COMPRA EN  TIENDA D1,-21080.0,2908391.89
97,2024-02-16,TRANSFERENCIA CTA SUC VIRTUAL,-121800.0,2786591.89
98,2024-02-16,TRANSFERENCIA CTA SUC VIRTUAL,-121800.0,2664791.89
99,2024-02-17,COMPRA EN  TIENDA D1,-66150.0,2598645.37
100,2024-02-17,ABONO INTERESES AHORROS,3.48,2664795.37
101,2024-02-17,COMPRA EN  JHON PEZ F,-25200.0,2540845.37
102,2024-02-17,COMPRA EN  FUENTE DE,-32600.0,2566045.37
103,2024-02-18,ABONO INTERESES AHORROS,2.33,2540847.7
104,2024-02-18,COMPRA EN  SUPERMERCA,-221129.0,2319718.7
105,2024-02-18,COMPRA EN  METRO IBAG,-114362.0,2205356.7
106,2024-02-18,RETIRO CAJERO  CAJERO AUTO C.C,-500000.0,1705356.7
107,2024-02-19,PAGO IBAL S.A. ESP,-17100.0,1688256.7
108,2024-02-19,COMPRA EN  SUPERMERCA,-30584.0,1657672.7
109,2024-02-19,PAGO APP ALCANOS DE COLOMBIA,-41290.0,1616382.7
110,2024-02-20,ABONO INTERESES AHORROS,4.42,1616387.12
111,2024-02-21,ABONO INTERESES AHORROS,2.12,1616389.24
112,2024-02-21,COMPRA EN  SUPERMERCA,-66700.0,1549689.24
113,2024-02-22,ABONO INTERESES AHORROS,1.98,1549691.22
114,2024-02-22,RETIRO CAJERO  UNIVERSIDAD IBA,-100000.0,1449691.22
115,2024-02-23,ABONO INTERESES AHORROS,1.9,1449693.12
116,2024-02-23,COMPRA EN  SUPERMERCA,-58607.0,1391086.12
117,2024-02-24,ABONO INTERESES AHORROS,1.79,1391087.91
118,2024-02-24,COMPRA EN  JHON PEZ F,-83250.0,1307837.91
119,2024-02-25,COMPRA EN  SUPERMERCA,-37150.0,1270687.91
120,2024-02-26,ABONO INTERESES AHORROS,3.48,1270691.39
121,2024-02-27,ABONO INTERESES AHORROS,1.59,1270692.98
122,2024-02-27,COMPRA EN  SUPERMERCA,-56710.0,1213982.98
123,2024-02-27,RETIRO CAJERO  UNIVERSIDAD IBA,-50000.0,1163982.98
124,2024-02-28,ABONO INTERESES AHORROS,7.77,5798942.75
125,2024-02-28,PAGO SUC VIRT TC MASTER DOLAR,-43291.49,5722261.26
126,2024-02-28,PAGO DE NOMI UNIV DE IBAGUE,4634952.0,5798934.98
127,2024-02-28,PAGO SUC VIRT TC MASTER DOLAR,-43291.49,5678969.77
128,2024-02-28,PAGO SUC VIRT TC MASTER PESOS,-33390.0,5765552.75
129,2024-02-29,ABONO INTERESES AHORROS,6.5,5678976.27
130,2024-02-29,COMPRA EN  TIENDA D1,-47780.0,5631196.27
131,2024-02-29,TRASLADO VIRTUAL OTROS BANCOS,-579382.0,5051814.27
132,2024-02-29,TRANSFERENCIA CTA SUC VIRTUAL,-151600.0,4900214.27
133,2024-02-29,TRANSFERENCIA CTA SUC VIRTUAL,-151700.0,4748514.27
134,2024-02-29,AJUSTE INTERES AHORROS DB,-0.01,4748514.26
135,2024-02-29,COMISION TRASLADO OTROS BANCOS,-7190.0,4741324.26
136,2024-02-29,IVA COMIS TRASLADO OTROS BCOS,-1366.1,4739958.16
137,2024-03-01,COMPRA EN  SUPERMERCA,-40950.0,4699013.09
138,2024-03-01,TRANSFERENCIA CTA SUC VIRTUAL,-1100000.0,3599013.09
139,2024-03-01,ABONO INTERESES AHORROS,4.93,4739963.09
140,2024-03-02,COMPRA INTL  PAYPAL  DISNEYPLU,-33062.31,2065953.61
141,2024-03-02,ABONO INTERESES AHORROS,2.83,3599015.92
142,2024-03-02,RETIRO CAJERO  PLAZA DEL BOSQU,-1500000.0,2099015.92
143,2024-03-03,ABONO INTERESES AHORROS,2.19,2065955.8
144,2024-03-03,COMPRA EN  SUPERMERCA,-132122.0,1933833.8
145,2024-03-03,COMPRA EN  BOLD*La Ca,-25800.0,1908033.8
146,2024-03-03,COMPRA EN  METRO IBAG,-302894.0,1605139.8
147,2024-03-04,SALDO A FAVOR TARJETA CREDITO,864.88,1606004.68
148,2024-03-04,RETIRO CAJERO  UNIVERSIDAD IBA,-50000.0,1556004.68
149,2024-03-06,ABONO INTERESES AHORROS,6.39,1556011.07
150,2024-03-07,ABONO INTERESES AHORROS,2.06,1556013.13
151,2024-03-07,RETIRO CAJERO  UNIVERSIDAD IBA,-50000.0,1506013.13
152,2024-03-08,ABONO INTERESES AHORROS,1.95,1506015.08
153,2024-03-08,COMPRA EN  SUPERMERCA,-82373.0,1423642.08
154,2024-03-09,ABONO INTERESES AHORROS,1.88,1423643.96
155,2024-03-09,COMPRA EN  SUPERMERCA,-47850.0,1375793.96
156,2024-03-10,COMPRA EN  SUPERMERCA,-81910.0,1293885.68
157,2024-03-10,PAGO PSE COMUNICACION CELULAR,-31500.0,1262385.68
158,2024-03-10,ABONO INTERESES AHORROS,1.72,1375795.68
159,2024-03-11,TRANSFERENCIA CTA SUC VIRTUAL,-94000.0,1168385.68
160,2024-03-12,ABONO INTERESES AHORROS,3.2,1168388.88
161,2024-03-13,ABONO INTERESES AHORROS,1.44,1168390.32
162,2024-03-13,COMPRA EN  DROGUERIA,-21525.0,1146865.32
163,2024-03-13,COMPRA EN  METRO IBAG,-13990.0,1132875.32
164,2024-03-13,COMPRA EN  JHON PEZ F,-26800.0,1106075.32
165,2024-03-13,RETIRO CAJERO  UNIVERSIDAD IBA,-50000.0,1056075.32
166,2024-03-14,PAGO DE NOMI UNIV DE IBAGUE,3656208.0,4712283.32
167,2024-03-14,ABONO INTERESES AHORROS,6.27,4712289.59
168,2024-03-14,PAGO PSE COMUNICACION CELULAR,-130508.0,4581781.59
169,2024-03-15,ABONO INTERESES AHORROS,4.3,4581785.89
170,2024-03-15,RETIRO CAJERO  MF PLAZAS DEL B,-1200000.0,3381785.89
171,2024-03-15,TRANSFERENCIA CTA SUC VIRTUAL,-120400.0,3261385.89
172,2024-03-15,TRANSFERENCIA CTA SUC VIRTUAL,-120400.0,3140985.89
173,2024-03-16,ABONO INTERESES AHORROS,3.67,3140989.56
174,2024-03-16,COMPRA EN  JHON PEZ F,-20900.0,3120089.56
175,2024-03-16,COMPRA EN  SUPERMERCA,-233747.0,2886342.56
176,2024-03-16,COMPRA EN  TIENDA D1,-62110.0,2824232.56
177,2024-03-16,COMPRA EN  EXITO WOW,-138940.0,2685292.56
178,2024-03-17,ABONO INTERESES AHORROS,3.4,2685295.96
179,2024-03-17,COMPRA EN  TOSTAO CAF,-44800.0,2640495.96
180,2024-03-17,COMPRA EN  LIDA EUGEN,-27100.0,2613395.96
181,2024-03-17,COMPRA EN  SUPERMERCA,-47850.0,2565545.96
182,2024-03-17,COMPRA EN  SURTIPLAZA,-45156.0,2520389.96
183,2024-03-17,PAGO PSE COMUNICACION CELULAR,-31500.0,2488889.96
184,2024-03-18,PAGO IBAL S.A. ESP,-17100.0,2471789.96
185,2024-03-18,PAGO APP ALCANOS DE COLOMBIA,-49220.0,2422569.96
186,2024-03-18,TRANSFERENCIA CTA SUC VIRTUAL,-100000.0,2322569.96
187,2024-03-19,ABONO INTERESES AHORROS,6.36,2322576.32
188,2024-03-20,ABONO INTERESES AHORROS,3.11,2322579.43
189,2024-03-20,COMPRA EN  SUPERMERCA,-46472.0,2276107.43
190,2024-03-21,ABONO INTERESES AHORROS,3.04,2276110.47
191,2024-03-21,TRANSFERENCIA CTA SUC VIRTUAL,-50000.0,2226110.47
192,2024-03-22,ABONO INTERESES AHORROS,2.97,2226113.44
193,2024-03-22,COMPRA EN  METRO IBAG,-53240.0,2172873.44
194,2024-03-23,ABONO INTERESES AHORROS,2.83,2172876.27
195,2024-03-23,COMPRA EN  CEREZA CAF,-26200.0,2146676.27
196,2024-03-23,COMPRA EN  TIENDA D1,-74840.0,2071836.27
197,2024-03-24,COMPRA EN  SUPERMERCA,-56518.0,2015318.27
198,2024-03-25,ABONO INTERESES AHORROS,5.52,2015323.79
199,2024-03-26,TRASLADO VIRTUAL OTROS BANCOS,-260029.0,4661956.79
200,2024-03-26,ABONO INTERESES AHORROS,6.0,6237785.79
201,2024-03-26,COMPRA EN  HOMECENTER,-115800.0,6121985.79
202,2024-03-26,RETIRO CAJERO  PLAZA DEL BOSQU,-1200000.0,4921985.79
203,2024-03-26,PAGO DE NOMI UNIV DE IBAGUE,4222456.0,6237779.79
204,2024-03-26,IVA COMIS TRASLADO OTROS BCOS,-1366.1,4374800.68
205,2024-03-26,TRANSFERENCIA CTA SUC VIRTUAL,-139300.0,4383356.79
206,2024-03-26,AJUSTE INTERES AHORROS DB,-0.01,4383356.78
207,2024-03-26,COMISION TRASLADO OTROS BANCOS,-7190.0,4376166.78
208,2024-03-26,TRANSFERENCIA CTA SUC VIRTUAL,-139300.0,4522656.79
209,2024-03-27,ABONO INTERESES AHORROS,5.4,4374806.08
210,2024-03-27,COMPRA EN  FALABELLA,-263990.0,4110816.08
211,2024-03-27,COMPRA EN  JHON PEZ F,-131350.0,3979466.08
212,2024-03-27,COMPRA EN  SURTIPLAZA,-30530.0,3948936.08
213,2024-03-28,ABONO INTERESES AHORROS,5.2,3948941.28
214,2024-03-28,COMPRA EN  KIOTO,-145696.0,3803245.28
215,2024-03-29,COMPRA EN  TIENDA D1,-55350.0,3747900.28
216,2024-03-29,COMPRA EN  SUPERMERCA,-93019.0,3654881.28
217,2024-03-29,ABONO INTERESES AHORROS,5.0,3803250.28
218,2024-03-30,ABONO INTERESES AHORROS,4.96,3654886.24
219,2024-03-30,COMPRA EN  SUPERMERCA,-33266.0,3621620.24
220,2024-03-31,ABONO INTERESES AHORROS,4.7,3621624.94
221,2024-03-31,COMPRA EN  SONATA CAF,-86861.0,3534763.94
222,2024-03-31,COMPRA EN  DOLLARCITY,-30000.0,3504763.94
223,2024-03-31,COMPRA EN  SUPERMERCA,-68954.0,3435809.94
224,2024-04-01,ABONO INTERESES AHORROS,4.67,3435814.61
225,2024-04-01,COMPRA EN  SUPERMERCA,-22100.0,3413714.61
226,2024-04-02,COMPRA EN  JUAN VALDE,-31900.0,3381819.19
227,2024-04-02,COMPRA INTL  PAYPAL  DISNEYPLU,-32449.62,3349369.57
228,2024-04-02,ABONO INTERESES AHORROS,4.58,3413719.19
229,2024-04-03,PAGO AUTOM TC MASTER PESOS,-33390.0,3315979.57
230,2024-04-04,ABONO INTERESES AHORROS,9.08,3315988.65
231,2024-04-05,ABONO INTERESES AHORROS,4.46,3315993.11
232,2024-04-05,COMPRA EN  BOLD*La Ja,-34000.0,3281993.11
233,2024-04-05,COMPRA EN  TOSTAO CAF,-22000.0,3259993.11
234,2024-04-06,ABONO INTERESES AHORROS,4.29,3259997.4
235,2024-04-06,COMPRA EN  SURTIPLAZA,-46787.0,3213210.4
236,2024-04-06,COMPRA EN  TIENDA D1,-47770.0,3165440.4
237,2024-04-06,PAGO PSE COMUNICACION CELULAR,-31500.0,3133940.4
238,2024-04-07,COMPRA EN  METRO IBAG,-176670.0,2957270.4
239,2024-04-07,PAGO PSE COMUNICACION CELULAR,-130508.0,2826762.4
240,2024-04-09,ABONO INTERESES AHORROS,11.61,2826774.01
241,2024-04-10,TRANSFERENCIA CTA SUC VIRTUAL,-92000.0,2734774.01
242,2024-04-11,ABONO INTERESES AHORROS,7.48,2734781.49
243,2024-04-12,PAGO DE NOMI UNIV DE IBAGUE,3651208.0,6385989.49
244,2024-04-12,ABONO INTERESES AHORROS,8.65,6385998.14
245,2024-04-12,COMPRA EN  TIENDA D1,-34170.0,6351828.14
246,2024-04-12,COMPRA EN  SUPERMERCA,-34250.0,6317578.14
247,2024-04-13,ABONO INTERESES AHORROS,6.33,6317584.47
248,2024-04-13,COMPRA EN  TIENDA D1,-82700.0,6234884.47
249,2024-04-13,COMPRA EN  SUPERMERCA,-90966.0,6143918.47
250,2024-04-13,COMPRA EN  BOLD*Tiend,-82000.0,6061918.47
251,2024-04-13,RETIRO CAJERO  PLAZA DEL BOSQU,-1200000.0,4861918.47
252,2024-04-13,TRANSFERENCIA CTA SUC VIRTUAL,-120300.0,4741618.47
253,2024-04-13,TRANSFERENCIA CTA SUC VIRTUAL,-120300.0,4621318.47
254,2024-04-14,ABONO INTERESES AHORROS,6.06,4621324.53
255,2024-04-14,COMPRA EN  SURTIPLAZA,-143910.0,4477414.53
256,2024-04-14,COMPRA EN  SONATA CAF,-52117.0,4425297.53
257,2024-04-15,COMPRA EN  METRO IBAG,-110810.0,4314487.53
258,2024-04-16,ABONO INTERESES AHORROS,11.82,4314499.35
259,2024-04-17,ABONO INTERESES AHORROS,5.79,4314505.14
260,2024-04-17,COMPRA EN  JHON PEZ F,-83860.0,4230645.14
261,2024-04-18,ABONO INTERESES AHORROS,5.69,4230650.83
262,2024-04-18,PAGO PSE Unidad Administrativ,-75000.0,4155650.83
263,2024-04-19,ABONO INTERESES AHORROS,5.52,4155656.35
264,2024-04-19,PAGO IBAL S.A. ESP,-17100.0,4138556.35
265,2024-04-19,COMPRA EN  SUPERMERCA,-61325.0,4077231.35
266,2024-04-19,PAGO APP ALCANOS DE COLOMBIA,-43140.0,4034091.35
267,2024-04-20,COMPRA EN  FUENTE DE,-38200.0,3995891.35
268,2024-04-20,COMPRA EN  ESPRIT,-439600.0,3556291.35
269,2024-04-24,ABONO INTERESES AHORROS,24.35,3556315.7
270,2024-04-25,COMPRA EN  SUPERMERCA,-20650.0,3535665.7
271,2024-04-26,ABONO INTERESES AHORROS,9.68,3535675.38
272,2024-04-27,ABONO INTERESES AHORROS,4.64,3535680.02
273,2024-04-27,COMPRA EN  SUPERMERCA,-70188.0,3465492.02
274,2024-04-27,COMPRA EN  TIENDA D1,-45770.0,3419722.02
275,2024-04-27,COMPRA EN  Fulltechno,-30000.0,3389722.02
276,2024-04-28,ABONO INTERESES AHORROS,4.54,3389726.56
277,2024-04-28,COMPRA EN  SURTIPLAZA,-72452.0,3317274.56
278,2024-04-29,PAGO DE NOMI UNIV DE IBAGUE,4227456.0,7544730.56
279,2024-04-29,ABONO INTERESES AHORROS,10.33,7544740.89
280,2024-04-30,ABONO INTERESES AHORROS,7.95,7544748.84
281,2024-04-30,RETIRO CAJERO  PLAZA DEL BOSQU,-1200000.0,6344748.84
282,2024-04-30,TRASLADO VIRTUAL OTROS BANCOS,-259829.0,6084919.84
283,2024-04-30,TRANSFERENCIA CTA SUC VIRTUAL,-139500.0,5945419.84
284,2024-04-30,TRANSFERENCIA CTA SUC VIRTUAL,-139500.0,5805919.84
285,2024-04-30,AJUSTE INTERES AHORROS DB,-0.01,5805919.83
286,2024-04-30,COMISION TRASLADO OTROS BANCOS,-7190.0,5798729.83
287,2024-04-30,IVA COMIS TRASLADO OTROS BCOS,-1366.1,5797363.73
288,2024-05-01,ABONO INTERESES AHORROS,7.45,5797371.18
289,2024-05-01,COMPRA EN  ASADERO Y,-88000.0,5709371.18
290,2024-05-01,COMPRA EN  JHON PEZ F,-79080.0,5630291.18
291,2024-05-01,COMPRA EN  SUPERMERCA,-185079.0,5445212.18
292,2024-05-02,COMPRA INTL  PAYPAL  DISNEYPLU,-32752.18,5412460.0
293,2024-05-02,PAGO AUTOM TC MASTER PESOS,-33390.0,5379070.0
294,2024-05-03,ABONO INTERESES AHORROS,14.72,5379084.72
295,2024-05-04,ABONO INTERESES AHORROS,6.84,5379091.56
296,2024-05-04,COMPRA EN  METRO IBAG,-67900.0,5311191.56
297,2024-05-04,COMPRA EN  VALIENTE,-157100.0,5154091.56
298,2024-05-04,COMPRA EN  CTROS D LI,-58800.0,5095291.56
299,2024-05-04,TRANSFERENCIA CTA SUC VIRTUAL,-100000.0,4995291.56
300,2024-05-05,ABONO INTERESES AHORROS,6.59,4995298.15
301,2024-05-05,COMPRA EN  SURTIPLAZA,-93848.0,4901450.15
302,2024-05-05,COMPRA EN  TIENDA D1,-57650.0,4843800.15
303,2024-05-05,PAGO PSE COMUNICACION CELULAR,-31500.0,4812300.15
304,2024-05-06,ABONO INTERESES AHORROS,6.34,4812306.49
305,2024-05-06,PAGO PSE COMUNICACION CELULAR,-130508.0,4681798.49
306,2024-05-06,RETIRO CAJERO  UNIVERSIDAD IBA,-50000.0,4631798.49
307,2024-05-07,COMPRA EN  TIENDA D1,-43780.0,4588018.49
308,2024-05-07,PAGO PSE COMUNICACION CELULAR,-31500.0,4556518.49
309,2024-05-10,ABONO INTERESES AHORROS,24.96,4556543.45
310,2024-05-11,COMPRA EN  LA MANSION,-82000.0,4474543.45
311,2024-05-11,COMPRA EN  SUPERMERCA,-41430.0,4433113.45
312,2024-05-11,COMPRA EN  TIENDA D1,-43780.0,4389333.45
313,2024-05-12,ABONO INTERESES AHORROS,12.02,4389345.47
314,2024-05-13,ABONO INTERESES AHORROS,5.95,4389351.42
315,2024-05-13,COMPRA EN  TIENDA D1,-43780.0,4345571.42
316,2024-05-14,PAGO DE NOMI UNIV DE IBAGUE,3656208.0,8001779.42
317,2024-05-14,ABONO INTERESES AHORROS,10.7,8001790.12
318,2024-05-14,COMPRA EN  JHON PEZ F,-94760.0,7907030.12
319,2024-05-14,TRANSFERENCIA CTA SUC VIRTUAL,-90000.0,7817030.12
320,2024-05-15,ABONO INTERESES AHORROS,9.03,7817039.15
321,2024-05-15,COMPRA EN  SUPERMERCA,-218876.0,7598163.15
322,2024-05-15,RETIRO CAJERO  PLAZA DEL BOSQU,-1000000.0,6598163.15
323,2024-05-16,TRANSFERENCIA CTA SUC VIRTUAL,-120400.0,6477771.56
324,2024-05-16,ABONO INTERESES AHORROS,8.41,6598171.56
325,2024-05-16,TRANSFERENCIA CTA SUC VIRTUAL,-215000.0,6142371.56
326,2024-05-16,TRANSFERENCIA CTA SUC VIRTUAL,-120400.0,6357371.56
327,2024-05-17,ABONO INTERESES AHORROS,8.24,6142379.8
328,2024-05-17,COMPRA EN  SUPERMERCA,-20650.0,6121729.8
329,2024-05-17,RETIRO CAJERO  UNIVERSIDAD IBA,-100000.0,6021729.8
330,2024-05-18,ABONO INTERESES AHORROS,7.84,6021737.64
331,2024-05-18,COMPRA EN  SURTIPLAZA,-266083.0,5755654.64
332,2024-05-18,PAGO PSE COMUNICACION CELULAR,-31500.0,5724154.64
333,2024-05-19,COMPRA EN  TIENDA D1,-25490.0,5698664.64
334,2024-05-19,COMPRA EN  METRO IBAG,-102475.0,5596189.64
335,2024-05-20,ABONO INTERESES AHORROS,15.32,5596204.96
336,2024-05-21,ABONO INTERESES AHORROS,7.64,5596212.6
337,2024-05-21,PAGO IBAL S.A. ESP,-17200.0,5579012.6
338,2024-05-22,ABONO INTERESES AHORROS,7.31,5579019.91
339,2024-05-22,COMPRA EN  FARMACADIZ,-28500.0,5550519.91
340,2024-05-22,PAGO PSE Fondo Rotatorio del,-210600.0,5339919.91
341,2024-05-23,ABONO INTERESES AHORROS,7.21,5339927.12
342,2024-05-23,COMPRA EN  SUPERMERCA,-7600.0,5332327.12
343,2024-05-23,COMPRA EN  TIENDA D1,-41980.0,5290347.12
344,2024-05-23,COMPRA EN  FUENTE DE,-25200.0,5265147.12
345,2024-05-24,ABONO INTERESES AHORROS,7.12,5265154.24
346,2024-05-24,COMPRA EN  LAB CLINIC,-62700.0,5202454.24
347,2024-05-25,ABONO INTERESES AHORROS,7.07,5202461.31
348,2024-05-25,COMPRA EN  SUPERMERCA,-36520.0,5165941.31
349,2024-05-26,COMPRA EN  TIENDAS AR,-50090.0,5115851.31
350,2024-05-26,PAGO APP ALCANOS DE COLOMBIA,-42210.0,4995081.31
351,2024-05-26,COMPRA EN  FUENTE DE,-25200.0,5090651.31
352,2024-05-26,COMPRA EN  FUENTE DE,-14800.0,5037291.31
353,2024-05-26,COMPRA EN  METRO IBAG,-38560.0,5052091.31
354,2024-05-27,ABONO INTERESES AHORROS,13.68,4995094.99
355,2024-05-28,PAGO PSE Fondo Rotatorio del,-1053000.0,3942094.99
356,2024-05-29,ABONO INTERESES AHORROS,10.8,3942105.79
357,2024-05-30,PAGO DE NOMI UNIV DE IBAGUE,4222456.0,8164561.79
358,2024-05-30,ABONO INTERESES AHORROS,9.12,8164570.91
359,2024-05-30,COMPRA EN  TIENDA D1,-28850.0,8135720.91
360,2024-05-30,COMPRA EN  FUENTE DE,-16800.0,8118920.91
361,2024-05-30,RETIRO CAJERO  PLAZA DEL BOSQU,-1200000.0,6918920.91
362,2024-05-30,TRASLADO VIRTUAL OTROS BANCOS,-260029.0,6658891.91
363,2024-05-30,AJUSTE INTERES AHORROS DB,-0.01,6658891.9
364,2024-05-30,COMISION TRASLADO OTROS BANCOS,-7190.0,6651701.9
365,2024-05-30,IVA COMIS TRASLADO OTROS BCOS,-1366.1,6650335.8
366,2024-05-31,COMPRA EN  SUPERTIEND,-76325.0,6531503.36
367,2024-05-31,ABONO INTERESES AHORROS,8.56,6650344.36
368,2024-05-31,TRANSFERENCIA CTA SUC VIRTUAL,-139300.0,6392203.36
369,2024-05-31,TRANSFERENCIA CTA SUC VIRTUAL,-139300.0,6252903.36
370,2024-05-31,COMPRA EN  TIENDAS AR,-42516.0,6607828.36
371,2024-06-01,ABONO INTERESES AHORROS,8.21,6252911.57
372,2024-06-01,COMPRA EN  FUENTE DE,-14800.0,6238111.57
373,2024-06-01,COMPRA EN  SUPERMERCA,-186476.0,6051635.57
374,2024-06-01,COMPRA EN  LIDA EUGEN,-32600.0,6019035.57
375,2024-06-01,COMPRA EN  FUENTE DE,-25200.0,5993835.57
376,2024-06-02,ABONO INTERESES AHORROS,8.1,5993843.67
377,2024-06-02,COMPRA EN  FUENTE DE,-42000.0,5951843.67
378,2024-06-02,COMPRA INTL  PAYPAL  DISNEYPLU,-32428.05,5919415.62
379,2024-06-03,COMPRA EN  SUPERMERCA,-45775.0,5873648.53
380,2024-06-03,ABONO INTERESES AHORROS,7.91,5919423.53
381,2024-06-03,COMPRA EN  TIENDA D1,-53640.0,5776608.53
382,2024-06-03,COMPRA EN  FUENTE DE,-43400.0,5830248.53
383,2024-06-04,ABONO INTERESES AHORROS,7.86,5776616.39
384,2024-06-04,PAGO AUTOM TC MASTER PESOS,-33390.0,5743226.39
385,2024-06-05,ABONO INTERESES AHORROS,1.7,5743228.09
386,2024-06-05,RETIRO CAJERO  PLAZA DEL BOSQU,-2000000.0,3743228.09
387,2024-06-05,RETIRO TARJETA EN SUCURSAL,-2500000.0,1243228.09
388,2024-06-06,ABONO INTERESES AHORROS,1.53,1243229.62
389,2024-06-06,PAGO PSE COMUNICACION CELULAR,-120724.0,1122505.62
390,2024-06-07,COMPRA EN  FUENTE DE,-25200.0,1097305.62
391,2024-06-07,RETIRO CAJERO  PLAZA DEL BOSQU,-50000.0,1047305.62
392,2024-06-08,ABONO INTERESES AHORROS,2.86,1047308.48
393,2024-06-09,PAGO PSE COMUNICACION CELULAR,-31500.0,1015808.48
394,2024-06-10,ABONO INTERESES AHORROS,2.78,1015811.26
395,2024-06-11,ABONO INTERESES AHORROS,1.1,1015812.36
396,2024-06-11,COMPRA INTL  PAYPAL  WSEQUERAT,-206475.72,809336.64
397,2024-06-12,ABONO INTERESES AHORROS,1.0,809337.64
398,2024-06-12,TRANSFERENCIA CTA SUC VIRTUAL,-75300.0,734037.64
399,2024-06-13,ABONO INTERESES AHORROS,0.86,734038.5
400,2024-06-13,COMPRA EN  JHON PEZ F,-103660.0,630378.5
401,2024-06-14,PAGO DE NOMI UNIV DE IBAGUE,8068865.0,8699243.5
402,2024-06-14,ABONO INTERESES AHORROS,11.91,8699255.41
403,2024-06-15,ABONO INTERESES AHORROS,10.74,8699266.15
404,2024-06-15,COMPRA EN  SUPERMERCA,-176663.0,8522603.15
405,2024-06-15,COMPRA EN  ALMACEN DE,-100000.0,8422603.15
406,2024-06-15,COMPRA EN  TIENDA D1,-46690.0,8375913.15
407,2024-06-15,TRANSFERENCIA CTA SUC VIRTUAL,-267500.0,8108413.15
408,2024-06-15,TRANSFERENCIA CTA SUC VIRTUAL,-267500.0,7840913.15
409,2024-06-16,COMPRA EN  SURTIPLAZA,-107379.0,7733534.15
410,2024-06-16,COMPRA EN  SUPERMERCA,-67740.0,7665794.15
411,2024-06-17,ABONO INTERESES AHORROS,21.0,7665815.15
412,2024-06-18,ABONO INTERESES AHORROS,10.45,7665825.6
413,2024-06-18,PAGO PSE COMUNICACION CELULAR,-31500.0,7634325.6
414,2024-06-19,ABONO INTERESES AHORROS,6.1,7634331.7
415,2024-06-19,PAGO PSE Wingo Aerorepublica,-3174152.0,4460179.7
416,2024-06-20,ABONO INTERESES AHORROS,6.05,4460185.75
417,2024-06-20,PAGO APP ALCANOS DE COLOMBIA,-43630.0,4416555.75
418,2024-06-21,PAGO IBAL S.A. ESP,-93700.0,4322859.96
419,2024-06-21,ABONO INTERESES AHORROS,4.21,4416559.96
420,2024-06-21,COMPRA EN  SUPERMERCA,-59900.0,3576007.96
421,2024-06-21,COMPRA EN  DROGUERIA,-33600.0,4289259.96
422,2024-06-21,RETIRO CAJERO  PLAZA DEL BOSQU,-500000.0,3076007.96
423,2024-06-21,COMPRA EN  SUPERTIEND,-243550.0,4045709.96
424,2024-06-21,COMPRA EN  LEVIS LA E,-409802.0,3635907.96
425,2024-06-22,COMPRA EN  RUMBO AERO,-47990.0,3028017.96
426,2024-06-22,COMPRA EN  ANDRES PAR,-37148.0,2990869.96
427,2024-06-26,ABONO INTERESES AHORROS,20.45,2990890.41
428,2024-06-27,PAGO DE NOMI UNIV DE IBAGUE,3403208.0,6394098.41
429,2024-06-29,ABONO INTERESES AHORROS,26.25,6394124.66
430,2024-06-30,ABONO INTERESES AHORROS,7.59,6394132.25
431,2024-06-30,PAGO SUC VIRT TC MASTER PESOS,-357390.0,6036742.25
432,2024-06-30,IVA COMIS TRASLADO OTROS BCOS,-1366.1,5536535.14
433,2024-06-30,TRASLADO VIRTUAL OTROS BANCOS,-379651.0,5657091.25
434,2024-06-30,AJUSTE INTERES AHORROS DB,-0.01,5545091.24
435,2024-06-30,COMISION TRASLADO OTROS BANCOS,-7190.0,5537901.24
436,2024-06-30,TRANSFERENCIA CTA SUC VIRTUAL,-112000.0,5545091.25
437,2024-07-01,ABONO INTERESES AHORROS,7.43,5536542.57
438,2024-07-01,TRANSFERENCIA CTA SUC VIRTUAL,-112000.0,5424542.57
439,2024-07-02,COMPRA INTL  PAYPAL  DISNEYPLU,-34719.09,5389823.48
440,2024-07-04,ABONO INTERESES AHORROS,22.14,5389845.62
441,2024-07-05,ABONO INTERESES AHORROS,7.23,5389852.85
442,2024-07-05,COMPRA EN  METRO IBAG,-93530.0,5296322.85
443,2024-07-05,COMPRA EN  TIENDA D1,-16950.0,5279372.85
444,2024-07-06,COMPRA EN  SURTIPLAZA,-63599.0,5215773.85
445,2024-07-06,RETIRO CAJERO  PLAZA DEL BOSQU,-1000000.0,4215773.85
446,2024-07-07,ABONO INTERESES AHORROS,11.54,4215785.39
447,2024-07-08,ABONO INTERESES AHORROS,5.59,4215790.98
448,2024-07-08,PAGO PSE COMUNICACION CELULAR,-130508.0,4085282.98
449,2024-07-09,ABONO INTERESES AHORROS,5.47,4085288.45
450,2024-07-09,TRANSFERENCIA CTA SUC VIRTUAL,-91000.0,3994288.45
451,2024-07-10,COMPRA EN  TIENDA D1,-21950.0,3861223.85
452,2024-07-10,ABONO INTERESES AHORROS,5.4,3994293.85
453,2024-07-10,COMPRA EN  JHON PEZ F,-111120.0,3883173.85
454,2024-07-10,AJUSTE INTERES AHORROS DB,-0.25,3763223.6
455,2024-07-10,COMPRA EN  SUPERMERCA,-48000.0,3813223.85
456,2024-07-10,RETIRO CAJERO  UNIVERSIDAD IBA,-50000.0,3763223.85
457,2024-07-11,ABONO INTERESES AHORROS,5.15,3763228.75
458,2024-07-12,PAGO DE NOMI UNIV DE IBAGUE,3668208.0,7431436.75
459,2024-07-12,ABONO INTERESES AHORROS,10.16,7431446.91
460,2024-07-12,COMPRA EN  SUPERMERCA,-11900.0,7419546.91
461,2024-07-13,COMPRA EN  FUENTE DE,-35000.0,7332086.91
462,2024-07-13,COMPRA EN  FUENTE DE,-26400.0,7305686.91
463,2024-07-13,ABONO INTERESES AHORROS,10.0,7419556.91
464,2024-07-13,COMPRA EN  SONATA CAF,-52470.0,7367086.91
465,2024-07-14,TRANSFERENCIA CTA SUC VIRTUAL,-120800.0,6749366.91
466,2024-07-14,TRANSFERENCIA CTA SUC VIRTUAL,-120800.0,6870166.91
467,2024-07-14,RETIRO CAJERO  PLAZA DEL BOSQU,-50000.0,6990966.91
468,2024-07-14,COMPRA EN  METRO IBAG,-65270.0,7040966.91
469,2024-07-14,COMPRA EN  LA REBAJA,-98800.0,7106236.91
470,2024-07-14,COMPRA EN  TIENDA D1,-65450.0,7205036.91
471,2024-07-14,COMPRA EN  FUENTE DE,-35200.0,7270486.91
472,2024-07-15,ABONO INTERESES AHORROS,18.48,6749385.39
473,2024-07-16,RETIRO CAJERO  PLAZA DEL BOSQU,-1000000.0,5488218.39
474,2024-07-16,COMPRA EN  SUPERMERCA,-261167.0,6488218.39
475,2024-07-18,ABONO INTERESES AHORROS,22.53,5488240.92
476,2024-07-19,ABONO INTERESES AHORROS,7.44,5488248.36
477,2024-07-19,PAGO PSE COMUNICACION CELULAR,-31500.0,5456748.36
478,2024-07-19,PAGO APP ALCANOS DE COLOMBIA,-24160.0,5432588.36
479,2024-07-20,COMPRA EN  JHON PEZ F,-96230.0,5180717.05
480,2024-07-20,ABONO INTERESES AHORROS,6.69,5432595.05
481,2024-07-20,COMPRA EN  METRO IBAG,-155648.0,5276947.05
482,2024-07-20,COMPRA EN  FUENTE DE,-35200.0,4985727.05
483,2024-07-20,COMPRA EN  FUENTE DE,-26400.0,5154317.05
484,2024-07-20,RETIRO CAJERO  EPS SANITAS IBA,-100000.0,4885727.05
485,2024-07-20,COMPRA EN  SUPERMERCA,-133390.0,5020927.05
486,2024-07-21,COMPRA EN  METRO IBAG,-70520.0,4815207.05
487,2024-07-21,COMPRA EN  TOSTAO CAF,-22000.0,4793207.05
488,2024-07-22,ABONO INTERESES AHORROS,13.12,4793220.17
489,2024-07-23,ABONO INTERESES AHORROS,6.52,4793226.69
490,2024-07-23,PAGO IBAL S.A. ESP,-29400.0,4763826.69
491,2024-07-24,COMPRA EN  SUPERMERCA,-37050.0,4696575.69
492,2024-07-24,COMPRA EN  SUPERMERCA,-30201.0,4733625.69
493,2024-07-26,ABONO INTERESES AHORROS,19.29,4696594.98
494,2024-07-27,COMPRA EN  METRO IBAG,-209164.0,3987436.44
495,2024-07-27,ABONO INTERESES AHORROS,5.46,4696600.44
496,2024-07-27,COMPRA EN  OPTICA CEN,-500000.0,4196600.44
497,2024-07-28,ABONO INTERESES AHORROS,5.25,3987441.69
498,2024-07-28,COMPRA EN  SURTIPLAZA,-38681.0,3948760.69
499,2024-07-28,COMPRA EN  FUENTE DE,-30400.0,3918360.69
500,2024-07-28,COMPRA EN  SONATA CAF,-52470.0,3865890.69
501,2024-07-28,PAGO PSE COMUNICACION CELULAR,-31500.0,3834390.69
502,2024-07-29,ABONO INTERESES AHORROS,5.11,3834395.8
503,2024-07-29,RETIRO CAJERO  UNIVERSIDAD IBA,-100000.0,3734395.8
504,2024-07-30,COMPRA EN  SUPERMERCA,-52082.0,7216831.35
505,2024-07-30,PAGO DE NOMI UNIV DE IBAGUE,3587008.0,7321403.8
506,2024-07-30,COMPRA EN  DROGUERIA,-52500.0,7268913.35
507,2024-07-30,ABONO INTERESES AHORROS,9.55,7321413.35
508,2024-07-30,TRASLADO VIRTUAL OTROS BANCOS,-239165.0,6977666.35
509,2024-07-30,COMISION TRASLADO OTROS BANCOS,-7190.0,6970476.34
510,2024-07-30,AJUSTE INTERES AHORROS DB,-0.01,6977666.34
511,2024-07-30,IVA COMIS TRASLADO OTROS BCOS,-1366.1,6969110.24
512,2024-07-31,ABONO INTERESES AHORROS,9.22,6969119.46
513,2024-07-31,TRANSFERENCIA CTA SUC VIRTUAL,-118100.0,6851019.46
514,2024-07-31,TRANSFERENCIA CTA SUC VIRTUAL,-118100.0,6732919.46
515,2024-08-01,RETIRO CAJERO  UNIVERSIDAD IBA,-1000000.0,5732927.31
516,2024-08-01,ABONO INTERESES AHORROS,7.85,6732927.31
517,2024-08-02,ABONO INTERESES AHORROS,7.78,5732935.09
518,2024-08-02,COMPRA INTL  PAYPAL  DISNEYPLU,-51971.96,5680963.13
519,2024-08-03,PAGO PSE COMUNICACION CELULAR,-31500.0,3729846.23
520,2024-08-03,COMPRA EN  LA REBAJA,-228200.0,3849276.23
521,2024-08-03,COMPRA EN  SUPERMERCA,-301742.0,4077476.23
522,2024-08-03,COMPRA EN  OPTICA CEN,-1200000.0,4480968.23
523,2024-08-03,ABONO INTERESES AHORROS,5.1,5680968.23
524,2024-08-03,COMPRA EN  JHON PEZ F,-87930.0,3761346.23
525,2024-08-03,COMPRA EN  METRO IBAG,-101750.0,4379218.23
526,2024-08-04,COMPRA EN  SUPERMERCA,-67466.0,3662385.24
527,2024-08-04,ABONO INTERESES AHORROS,5.01,3729851.24
528,2024-08-05,PAGO AUTOM TC MASTER PESOS,-33390.0,3628995.24
529,2024-08-06,ABONO INTERESES AHORROS,9.94,3629005.18
530,2024-08-07,COMPRA EN  SUPERMERCA,-60950.0,3368198.18
531,2024-08-07,COMPRA EN  EXITO WOW,-55928.0,3573077.18
532,2024-08-07,COMPRA EN  METRO IBAG,-85330.0,3487747.18
533,2024-08-07,COMPRA EN  SURTIPLAZA,-58599.0,3429148.18
534,2024-08-08,ABONO INTERESES AHORROS,9.22,3368207.4
535,2024-08-09,COMPRA EN  FUENTE DE,-26400.0,3341811.97
536,2024-08-09,ABONO INTERESES AHORROS,4.57,3368211.97
537,2024-08-10,ABONO INTERESES AHORROS,4.33,3341816.3
538,2024-08-10,COMPRA EN  TIENDA D1,-37700.0,3304116.3
539,2024-08-10,COMPRA EN  SUPERMERCA,-41010.0,3263106.3
540,2024-08-10,RETIRO CAJERO  CAJERO AUTO C.C,-100000.0,3163106.3
541,2024-08-11,ABONO INTERESES AHORROS,4.25,3163110.55
542,2024-08-11,COMPRA EN  SURTIPLAZA,-57992.0,3105118.55
543,2024-08-12,ABONO INTERESES AHORROS,4.11,3105122.66
544,2024-08-12,RETIRO CAJERO  UNIVERSIDAD IBA,-100000.0,3005122.66
545,2024-08-13,COMPRA EN  SUPERMERCA,-88432.0,2916694.65
546,2024-08-13,ABONO INTERESES AHORROS,3.99,3005126.65
547,2024-08-14,COMPRA EN  FUENTE DE,-35200.0,6549711.62
548,2024-08-14,PAGO DE NOMI UNIV DE IBAGUE,3668208.0,6584902.65
549,2024-08-14,ABONO INTERESES AHORROS,8.97,6584911.62
550,2024-08-15,RETIRO CAJERO  PLAZA DEL BOSQU,-1000000.0,5419211.04
551,2024-08-15,ABONO INTERESES AHORROS,7.42,6549719.04
552,2024-08-15,PAGO PSE COMUNICACION CELULAR,-130508.0,6419211.04
553,2024-08-16,PAGO PSE Endurance Colombia S,-323000.0,5096217.58
554,2024-08-16,ABONO INTERESES AHORROS,6.54,5419217.58
555,2024-08-16,RETIRO CAJERO  PLAZA DEL BOSQU,-200000.0,4896217.58
556,2024-08-16,TRANSFERENCIA CTA SUC VIRTUAL,-120800.0,4775417.58
557,2024-08-17,COMPRA EN  JHON PEZ F,-168890.0,4606533.59
558,2024-08-17,COMPRA EN  TIENDA D1,-46100.0,4487435.59
559,2024-08-17,COMPRA EN  SURTIPLAZA,-72998.0,4533535.59
560,2024-08-17,COMPRA EN  METRO IBAG,-99110.0,4388325.59
561,2024-08-17,ABONO INTERESES AHORROS,6.01,4775423.59
562,2024-08-18,RETIRO CAJERO  PLAZA DEL BOSQU,-400000.0,3936780.98
563,2024-08-18,ABONO INTERESES AHORROS,5.39,4388330.98
564,2024-08-18,COMPRA EN  SUPERMERCA,-51550.0,4336780.98
565,2024-08-19,RETIRO CAJERO  CAJERO AUTO C.C,-200000.0,3590198.89
566,2024-08-19,COMPRA EN  SUPERMERCA,-87087.0,3790198.89
567,2024-08-19,COMPRA EN  DROGAS COP,-59500.0,3877285.89
568,2024-08-19,ABONO INTERESES AHORROS,4.91,3936785.89
569,2024-08-20,COMPRA EN  LAB CLINIC,-17600.0,3572598.89
570,2024-08-21,ABONO INTERESES AHORROS,9.78,3572608.67
571,2024-08-22,COMPRA EN  SUPERMERCA,-76755.0,3495858.45
572,2024-08-22,ABONO INTERESES AHORROS,4.78,3572613.45
573,2024-08-23,ABONO INTERESES AHORROS,4.72,3495863.17
574,2024-08-23,PAGO APP ALCANOS DE COLOMBIA,-45050.0,3450813.17
575,2024-08-24,COMPRA EN  REBAJA PLU,-229250.0,3159341.43
576,2024-08-24,COMPRA EN  TIENDA D1,-49130.0,3110211.43
577,2024-08-24,ABONO INTERESES AHORROS,4.26,3450817.43
578,2024-08-24,COMPRA EN  SURTIPLAZA,-62226.0,3388591.43
579,2024-08-25,COMPRA EN  DROGUERIA,-123800.0,2771272.43
580,2024-08-25,COMPRA EN  METRO IBAG,-215139.0,2895072.43
581,2024-08-26,ABONO INTERESES AHORROS,7.58,2771280.01
582,2024-08-27,COMPRA EN  FUENTE DE,-26400.0,2744880.01
583,2024-08-27,COMPRA EN  JHON PEZ F,-145270.0,2599610.01
584,2024-08-27,COMPRA EN  TIENDA D1,-40880.0,2558730.01
585,2024-08-29,ABONO INTERESES AHORROS,10.5,2558740.51
586,2024-08-30,PAGO DE NOMI UNIV DE IBAGUE,4884704.0,7443444.51
587,2024-08-30,ABONO INTERESES AHORROS,8.55,7443453.06
588,2024-08-30,COMPRA EN  SUPERMERCA,-98818.0,7344635.06
589,2024-08-30,RETIRO CAJERO  PLAZA DEL BOSQU,-1000000.0,6344635.06
590,2024-08-30,RETIRO CAJERO  UNIVERSIDAD IBA,-100000.0,6244635.06
591,2024-08-31,ABONO INTERESES AHORROS,7.02,6244642.08
592,2024-08-31,COMPRA EN  JUAN VALDE,-30800.0,5947692.08
593,2024-08-31,COMPRA EN  TIENDA D1,-26250.0,6218392.08
594,2024-08-31,COMPRA EN  ESPRIT,-239900.0,5978492.08
595,2024-08-31,COMPRA EN  ESPRIT,-129900.0,5817792.08
596,2024-08-31,COMPRA EN  METRO IBAG,-329500.0,5488292.08
597,2024-08-31,RETIRO CAJERO  CAJERO MF AUTO,-200000.0,5288292.08
598,2024-08-31,TRANSFERENCIA CTA SUC VIRTUAL,-161400.0,5126892.08
599,2024-09-01,COMPRA EN  METRO IBAG,-66313.0,5060585.98
600,2024-09-01,COMPRA EN  TIENDA D1,-21930.0,5038655.98
601,2024-09-01,ABONO INTERESES AHORROS,6.9,5126898.98
602,2024-09-02,COMPRA INTL  PAYPAL  DISNEYPLU,-52419.9,4624442.41
603,2024-09-02,RETIRO CAJERO  PLAZA DEL BOSQU,-200000.0,4676862.31
604,2024-09-02,COMPRA EN  SUPERMERCA,-161800.0,4876862.31
605,2024-09-02,ABONO INTERESES AHORROS,6.33,5038662.31
606,2024-09-03,COMPRA EN  TIENDA D1,-17150.0,4607298.72
607,2024-09-03,ABONO INTERESES AHORROS,6.31,4624448.72
608,2024-09-04,PAGO AUTOM TC MASTER PESOS,-33390.0,4573914.98
609,2024-09-04,ABONO INTERESES AHORROS,6.26,4607304.98
610,2024-09-05,ABONO INTERESES AHORROS,6.12,4573921.1
611,2024-09-05,RETIRO CAJERO  UNIVERSIDAD IBA,-100000.0,4473921.1
612,2024-09-06,COMPRA EN  SUPERMERCA,-53920.0,4420007.12
613,2024-09-06,COMPRA EN  TIENDA D1,-21930.0,4398077.12
614,2024-09-06,ABONO INTERESES AHORROS,6.02,4473927.12
615,2024-09-07,ABONO INTERESES AHORROS,5.56,4398082.68
616,2024-09-07,COMPRA EN  TIENDA D1,-59850.0,4338232.68
617,2024-09-07,COMPRA EN  SURTIPLAZA,-63280.0,4274952.68
618,2024-09-07,COMPRA EN  EXITO WOW,-213864.0,4061088.68
619,2024-09-08,COMPRA EN  IBAGUE 6 C,-21800.0,4039288.68
620,2024-09-12,ABONO INTERESES AHORROS,27.65,4039316.33
621,2024-09-13,ABONO INTERESES AHORROS,10.17,7707534.5
622,2024-09-13,TRANSFERENCIA A NEQUI,-30000.0,7677534.5
623,2024-09-13,COMPRA EN  SUPERMERCA,-55800.0,7621734.5
624,2024-09-13,COMPRA EN  BOLD*NONNA,-43000.0,7578734.5
625,2024-09-13,TRANSFERENCIA CTA SUC VIRTUAL,-150000.0,7428734.5
626,2024-09-13,PAGO DE NOMI UNIV DE IBAGUE,3668208.0,7707524.33
627,2024-09-14,ABONO INTERESES AHORROS,9.56,7428744.06
628,2024-09-14,COMPRA EN  JHON PEZ F,-123720.0,7305024.06
629,2024-09-14,RETIRO CAJERO  PLAZA DEL BOSQU,-200000.0,7105024.06
630,2024-09-14,TRANSFERENCIA CTA SUC VIRTUAL,-120450.0,6984574.06
631,2024-09-15,ABONO INTERESES AHORROS,8.18,6984582.24
632,2024-09-15,COMPRA EN  SUPERMERCA,-211448.0,6773134.24
633,2024-09-15,RETIRO CAJERO  PLAZA DEL BOSQU,-800000.0,5973134.24
634,2024-09-16,COMPRA EN  SUPERMERCA,-131932.0,5841210.06
635,2024-09-16,PAGO PSE COMUNICACION CELULAR,-130508.0,5710702.06
636,2024-09-16,ABONO INTERESES AHORROS,7.82,5973142.06
637,2024-09-17,TRANSFERENCIA CTA SUC VIRTUAL,-120450.0,5590252.06
638,2024-09-18,ABONO INTERESES AHORROS,15.3,5590267.36
639,2024-09-19,RETIRO CAJERO  UNIVERSIDAD IBA,-300000.0,5290274.6
640,2024-09-19,ABONO INTERESES AHORROS,7.24,5590274.6
641,2024-09-20,ABONO INTERESES AHORROS,7.15,5290281.75
642,2024-09-20,COMPRA EN  DROGUERIA,-66400.0,5223881.75
643,2024-09-21,ABONO INTERESES AHORROS,7.09,5223888.84
644,2024-09-21,COMPRA EN  SUPERMERCA,-46139.0,5177749.84
645,2024-09-22,COMPRA EN  SUPERMERCA,-27590.0,5066886.78
646,2024-09-22,ABONO INTERESES AHORROS,6.94,5177756.78
647,2024-09-22,COMPRA EN  TIENDA D1,-83280.0,5094476.78
648,2024-09-23,COMPRA EN  METRO IBAG,-113270.0,5986374.98
649,2024-09-23,COMPRA EN  PANAMERICA,-12000.0,6099644.98
650,2024-09-23,ABONO INTERESES AHORROS,8.2,6111644.98
651,2024-09-23,PAGO INTERBANC UNIVERSIDAD PED,1044750.0,6111636.78
652,2024-09-24,PAGO IBAL S.A. ESP,-43000.0,5943383.07
653,2024-09-24,PAGO PSE COMUNICACION CELULAR,-31500.0,5911883.07
654,2024-09-24,ABONO INTERESES AHORROS,8.09,5986383.07
655,2024-09-25,PAGO PSE Validda SAS,-75000.0,5836883.07
656,2024-09-26,ABONO INTERESES AHORROS,15.98,5836899.05
657,2024-09-27,PAGO APP ALCANOS DE COLOMBIA,-40600.0,5683291.83
658,2024-09-27,PAGO PSE COMUNICACION CELULAR,-31500.0,5723891.83
659,2024-09-27,ABONO INTERESES AHORROS,7.78,5836906.83
660,2024-09-27,COMPRA EN  SUPERMERCA,-81515.0,5755391.83
661,2024-09-28,ABONO INTERESES AHORROS,14.36,10570010.19
662,2024-09-28,COMPRA EN  ASADERO Y,-85000.0,10485010.19
663,2024-09-28,PAGO DE NOMI UNIV DE IBAGUE,4886704.0,10569995.83
664,2024-09-29,COMISION TRASLADO OTROS BANCOS,-8556.1,8217875.34
665,2024-09-29,PAGO PSE COMUNICACION CELULAR,-31500.0,9739560.45
666,2024-09-29,TRANSFERENCIA CTA SUC VIRTUAL,-196300.0,8226431.45
667,2024-09-29,TRASLADO VIRTUAL OTROS BANCOS,-316829.0,8422731.45
668,2024-09-29,RETIRO CAJERO  PLAZA DEL BOSQU,-1000000.0,8739560.45
669,2024-09-29,COMPRA EN  SUPERMERCA,-217591.0,9771060.45
670,2024-09-29,AJUSTE INTERES AHORROS DB,-0.01,8226431.44
671,2024-09-29,COMPRA EN  FUENTE DE,-34200.0,10108091.45
672,2024-09-29,COMPRA EN  JHON PEZ F,-172730.0,10142291.45
673,2024-09-29,COMPRA EN  SCARPI DON,-170000.0,10315021.45
674,2024-09-29,ABONO INTERESES AHORROS,11.26,10485021.45
675,2024-09-29,COMPRA EN  TIENDA D1,-119440.0,9988651.45
676,2024-09-30,ABONO INTERESES AHORROS,11.25,8217886.59
677,2024-10-01,RETIRO CAJERO  PLAZA DEL BOSQU,-500000.0,7717886.59
678,2024-10-01,PAGO SUC VIRT TC MASTER DOLAR,-91922.6,7625963.99
679,2024-10-02,COMPRA INTL  PAYPAL  DISNEYPLU,-53013.83,7572950.16
680,2024-10-02,PAGO AUTOM TC MASTER PESOS,-33390.0,7539560.16
681,2024-10-02,ABONO INTERESES AHORROS,10.44,7539570.6
682,2024-10-05,COMPRA EN  SURTIPLAZA,-72690.0,7466880.6
683,2024-10-05,ABONO INTERESES AHORROS,30.96,7466911.56
684,2024-10-05,RETIRO CAJERO  CAJERO AUTO C.C,-200000.0,7266911.56
685,2024-10-05,COMPRA EN  TIENDA D1,-51530.0,7215381.56
686,2024-10-07,PAGO PSE COMUNICACION CELULAR,-130508.0,7084873.56
687,2024-10-07,ABONO INTERESES AHORROS,19.76,7084893.32
688,2024-10-08,COMPRA EN  SUPERMERCA,-146239.0,6938654.32
689,2024-10-08,COMPRA EN  TIENDA D1,-55660.0,6882994.32
690,2024-10-08,ABONO INTERESES AHORROS,9.7,6883004.02
691,2024-10-09,COMPRA EN  SUPERMERCA,-41316.0,6841688.02
692,2024-10-09,ABONO INTERESES AHORROS,9.42,6841697.4399999995
693,2024-10-10,COMPRA EN  SUPERMERCA,-45950.0,6795747.4399999995
694,2024-10-10,ABONO INTERESES AHORROS,9.37,6795756.81
695,2024-10-10,COMPRA EN  TIENDA D1,-41900.0,6753856.81
696,2024-10-10,RETIRO CAJERO  PLAZA DEL BOSQU,-200000.0,6553856.81
697,2024-10-11,ABONO INTERESES AHORROS,8.97,6553865.779999999
698,2024-10-11,PAGO DE NOMI UNIV DE IBAGUE,3668208.0,10222073.78
699,2024-10-11,RETIRO CAJERO  PLAZA DEL BOSQU,-1000000.0,9222073.78
700,2024-10-12,COMPRA EN  JUAN VALDE,-14500.0,9207573.78
701,2024-10-12,COMPRA EN  JHON PEZ F,-102040.0,9105533.78
702,2024-10-12,ABONO INTERESES AHORROS,12.63,9105546.41
703,2024-10-12,COMPRA EN  HOMECENTER,-29500.0,9076046.41
704,2024-10-12,COMPRA EN  EXITO WOW,-128610.0,8947436.41
705,2024-10-12,COMPRA EN  METRO IBAG,-38940.0,8908496.41
706,2024-10-12,TRANSFERENCIA CTA SUC VIRTUAL,-120850.0,8787646.41
707,2024-10-13,ABONO INTERESES AHORROS,12.03,8787658.44
708,2024-10-13,COMPRA EN  SUPERMERCA,-63950.0,8723708.44
709,2024-10-14,COMPRA EN  SURTIPLAZA,-122933.0,8600775.44
710,2024-10-14,ABONO INTERESES AHORROS,11.95,8600787.39
711,2024-10-14,COMPRA EN  DOLLARCITY,-35000.0,8565787.39
712,2024-10-15,COMPRA EN  SUPERMERCA,-57157.0,8508630.39
713,2024-10-15,ABONO INTERESES AHORROS,11.73,8508642.12
714,2024-10-18,COMPRA EN  CLINICA KE,-47700.0,8460942.12
715,2024-10-18,ABONO INTERESES AHORROS,34.95,8460977.07
716,2024-10-18,COMPRA EN  JUAN VALDE,-29100.0,8431877.07
717,2024-10-18,RETIRO CAJERO  UNIVERSIDAD IBA,-200000.0,8231877.07
718,2024-10-19,COMPRA EN  METRO IBAG,-22990.0,8208887.07
719,2024-10-19,COMPRA EN  SUPERMERCA,-34891.0,8173996.07
720,2024-10-19,COMPRA EN  TIENDA D1,-41900.0,8132096.07
721,2024-10-19,ABONO INTERESES AHORROS,11.27,8132107.34
722,2024-10-19,COMPRA EN  SUPERMERCA,-96128.0,8035979.34
723,2024-10-20,COMPRA EN  SURTIPLAZA,-49900.0,7986079.34
724,2024-10-20,ABONO INTERESES AHORROS,11.0,7986090.34
725,2024-10-22,TRANSFERENCIA A NEQUI,-150000.0,7836090.34
726,2024-10-22,ABONO INTERESES AHORROS,21.86,7836112.2
727,2024-10-22,COMPRA EN  SUPERMERCA,-94491.0,7741621.2
728,2024-10-22,PAGO SUC VIRT TC MASTER PESOS,-110616.0,7631005.2
729,2024-10-24,ABONO INTERESES AHORROS,20.9,7631026.1
730,2024-10-24,COMPRA EN  SUPERMERCA,-34386.0,7596640.1
731,2024-10-26,ABONO INTERESES AHORROS,20.8,7596660.9
732,2024-10-26,RETIRO CAJERO,-200000.0,7396660.9
733,2024-10-27,ABONO INTERESES AHORROS,10.13,7396671.03
734,2024-10-27,PAGO PSE COMUNICACION CELULAR,-8000.0,7388671.03
735,2024-10-27,COMPRA EN  SUPERMERCA,-91902.0,7296769.03
736,2024-10-28,COMPRA EN  SUPERMERCA,-109055.0,7187714.03
737,2024-10-28,ABONO INTERESES AHORROS,9.99,7187724.02
738,2024-10-30,PAGO APP ALCANOS DE COLOMBIA,-41200.0,7146524.02
739,2024-10-30,PAGO IBAL S.A. ESP,-39800.0,7106724.02
740,2024-10-30,PAGO DE NOMI UNIV DE IBAGUE,4886704.0,11993428.02
741,2024-10-30,TRASLADO VIRTUAL OTROS BANCOS,-282394.0,11711034.02
742,2024-10-30,ABONO INTERESES AHORROS,19.68,11711053.7
743,2024-10-30,RETIRO CAJERO  PLAZA DEL BOSQU,-1000000.0,10711053.7
744,2024-10-30,COMPRA EN  SUPERMERCA,-66746.0,10644307.7
745,2024-10-30,TRANSFERENCIA CTA SUC VIRTUAL,-161480.0,10482827.7
746,2024-10-30,RETIRO CAJERO  UNIVERSIDAD IBA,-100000.0,10382827.7
747,2024-10-31,COMISION TRASLADO OTROS BANCOS,-8556.1,10374271.6
748,2024-10-31,COMPRA EN  SUPERMERCA,-49219.0,10325052.6
749,2024-10-31,ABONO INTERESES AHORROS,14.22,10325066.82
750,2024-10-31,ABONO INTERESES AHORROS,14.14,10325080.96
751,2024-10-31,AJUSTE INTERES AHORROS DB,-0.01,10325080.950000001
752,2024-11-01,COMPRA EN  TIENDA D1,-31120.0,10293960.950000001
753,2024-11-01,RETIRO CAJERO  UNIVERSIDAD IBA,-100000.0,10193960.950000001
754,2024-11-02,COMPRA INTL  PAYPAL  DISNEYPLU,-55825.15,10138135.8
755,2024-11-02,COMPRA EN  JHON PEZ F,-152700.0,9985435.8
756,2024-11-02,COMPRA EN  TIENDA D1,-67060.0,9918375.8
757,2024-11-02,ABONO INTERESES AHORROS,13.96,9918389.760000002
758,2024-11-03,COMPRA EN  PEPE GANGA,-30360.0,9888029.760000002
759,2024-11-03,COMPRA EN  SUPERMERCA,-69171.0,9818858.760000002
760,2024-11-03,COMPRA INTL  PAYPAL  LEONIDTIN,-93130.11,9725728.65
761,2024-11-03,ABONO INTERESES AHORROS,13.58,9725742.23
762,2024-11-03,TRANSFERENCIA CTA SUC VIRTUAL,-100000.0,9625742.23
763,2024-11-03,COMPRA INTL  PAYPAL  FUNDRAZR,-13978.33,9611763.9
764,2024-11-04,ABONO INTERESES AHORROS,13.16,9611777.06
765,2024-11-04,COMPRA EN  TIENDA D1,-36080.0,9575697.06
766,2024-11-04,COMPRA EN  SUPERMERCA,-45320.0,9530377.06
767,2024-11-04,COMPRA EN  JUAN VALDE,-41900.0,9488477.06
768,2024-11-04,COMPRA EN  METRO IBAG,-35372.0,9453105.06
769,2024-11-04,RETIRO CAJERO  PLAZA DEL BOSQU,-100000.0,9353105.06
770,2024-11-08,RETIRO CAJERO  PLAZA DEL BOSQU,-100000.0,9253105.06
771,2024-11-08,PAGO PSE COMUNICACION CELULAR,-31500.0,9221605.06
772,2024-11-08,COMPRA EN  SUPERMERCA,-70033.0,9151572.06
773,2024-11-08,ABONO INTERESES AHORROS,51.24,9151623.3
774,2024-11-09,ABONO INTERESES AHORROS,12.53,9151635.83
775,2024-11-09,COMPRA EN  SUPERTIEND,-48962.0,9102673.83
776,2024-11-10,PAGO PSE COMUNICACION CELULAR,-31500.0,9071173.83
777,2024-11-10,ABONO INTERESES AHORROS,12.46,9071186.290000001
778,2024-11-13,ABONO INTERESES AHORROS,37.26,9071223.55
779,2024-11-13,TRANSFERENCIA CTA SUC VIRTUAL,-500000.0,8571223.55
780,2024-11-14,PAGO DE NOMI UNIV DE IBAGUE,3668208.0,12239431.55
781,2024-11-14,ABONO INTERESES AHORROS,11.74,12239443.290000001
782,2024-11-15,ABONO INTERESES AHORROS,16.76,12239460.05
783,2024-11-15,COMPRA EN  TIENDA D1,-21950.0,12217510.05
784,2024-11-16,TRANSFERENCIA A NEQUI,-5000.0,12212510.05
785,2024-11-16,COMPRA EN  TIENDA D1,-62140.0,12150370.05
786,2024-11-16,COMPRA EN  JHON PEZ F,-36000.0,12114370.05
787,2024-11-16,COMPRA EN  EXITO WOW,-142474.0,11971896.05
788,2024-11-16,ABONO INTERESES AHORROS,16.73,11971912.780000001
789,2024-11-17,COMPRA EN  SUPERMERCA,-167042.0,11804870.780000001
790,2024-11-17,ABONO INTERESES AHORROS,16.39,11804887.170000002
791,2024-11-17,COMPRA EN  SUPERMERCA,-102967.0,11701920.170000002
792,2024-11-17,RETIRO CAJERO  PLAZA DEL BOSQU,-1000000.0,10701920.170000002
793,2024-11-18,ABONO INTERESES AHORROS,14.66,10701934.830000002
794,2024-11-18,COMPRA EN  SUPERMERCA,-28094.0,10673840.830000002
795,2024-11-18,RETIRO CAJERO  UNIVERSIDAD IBA,-300000.0,10373840.830000002
796,2024-11-19,COMPRA EN  JHON PEZ F,-135740.0,10238100.830000002
797,2024-11-19,COMPRA EN  TIENDA D1,-63470.0,10174630.830000002
798,2024-11-19,ABONO INTERESES AHORROS,14.21,10174645.040000001
799,2024-11-19,PAGO PSE COMUNICACION CELULAR,-130508.0,10044137.040000001
800,2024-11-23,PAGO APP ALCANOS DE COLOMBIA,-43160.0,10000977.040000001
801,2024-11-23,ABONO INTERESES AHORROS,55.0,10001032.040000001
802,2024-11-23,COMPRA EN  SUPERMERCA,-91407.0,9909625.040000001
803,2024-11-23,COMPRA EN  ALMACEN DE,-115000.0,9794625.040000001
804,2024-11-23,PAGO IBAL S.A. ESP,-39800.0,9754825.040000001
805,2024-11-24,COMPRA EN  SURTIPLAZA,-92114.0,9662711.040000001
806,2024-11-24,ABONO INTERESES AHORROS,13.36,9662724.4
807,2024-11-26,ABONO INTERESES AHORROS,26.46,9662750.860000001
808,2024-11-26,CONSIG LOCAL EFECTIVO,420000.0,10082750.860000001
809,2024-11-27,ABONO INTERESES AHORROS,13.81,10082764.670000002
810,2024-11-27,COMPRA EN  TOTTO TU I,-199900.0,9882864.670000002
811,2024-11-27,COMPRA EN  JUAN VALDE,-43400.0,9839464.670000002
812,2024-11-28,TRASLADO VIRTUAL OTROS BANCOS,-282374.0,9557090.670000002
813,2024-11-28,ABONO INTERESES AHORROS,13.47,9557104.14
814,2024-11-28,PAGO DE NOMI UNIV DE IBAGUE,4886704.0,14443808.14
815,2024-11-29,AJUSTE INTERES AHORROS DB,-0.01,14443808.13
816,2024-11-29,RETIRO CAJERO  PLAZA DEL BOSQU,-1200000.0,13243808.13
817,2024-11-29,IVA COMIS TRASLADO OTROS BCOS,-1366.1,13242442.030000001
818,2024-11-29,COMISION TRASLADO OTROS BANCOS,-7190.0,13235252.030000001
819,2024-11-29,TRANSFERENCIA CTA SUC VIRTUAL,-161480.0,13073772.030000001
820,2024-11-29,ABONO INTERESES AHORROS,19.78,13073791.810000002
821,2024-11-30,COMPRA EN  TIENDA D1,-83390.0,12990401.810000002
822,2024-11-30,ABONO INTERESES AHORROS,16.87,12990418.680000002
823,2024-11-30,COMPRA EN  SUPERMERCA,-20650.0,12969768.680000002
824,2024-11-30,COMPRA EN  SUPERMERCA,-154356.0,12815412.680000002
825,2024-11-30,RETIRO CAJERO  UNIVERSIDAD IBA,-500000.0,12315412.680000002
826,2024-11-30,ABONO INTERESES AHORROS,17.9,12315430.580000002
827,2024-12-01,COMPRA EN  SURTIPLAZA,-78400.0,12237030.580000002
828,2024-12-01,COMPRA EN  BOLD*COMER,-150000.0,12087030.580000002
829,2024-12-02,COMPRA INTL  PAYPAL  DISNEYPLU,-55863.61,12031166.970000003
830,2024-12-02,ABONO INTERESES AHORROS,16.55,12031183.520000001
831,2024-12-03,ABONO INTERESES AHORROS,16.48,12031200.000000002
832,2024-12-03,PAGO AUTOM TC MASTER PESOS,-33389.84,11997810.160000002
833,2024-12-03,COMPRA EN  JHON PEZ F,-102810.0,11895000.160000002
834,2024-12-05,COMPRA EN  METRO IBAG,-170080.0,11724920.160000002
835,2024-12-05,ABONO INTERESES AHORROS,32.58,11724952.740000002
836,2024-12-05,TRANSFERENCIA CTA SUC VIRTUAL,-270000.0,11454952.740000002
837,2024-12-06,COMPRA EN  METRO IBAG,-80116.0,11374836.740000002
838,2024-12-06,PAGO PSE COMUNICACION CELULAR,-31500.0,11343336.740000002
839,2024-12-06,ABONO INTERESES AHORROS,15.69,11343352.430000002
840,2024-12-11,PAGO PSE COMUNICACION CELULAR,-31500.0,11311852.430000002
841,2024-12-11,ABONO INTERESES AHORROS,77.65,11311930.080000002
842,2024-12-11,COMPRA EN  FUENTE DE,-26400.0,11285530.080000002
843,2024-12-11,COMPRA EN  TIENDA D1,-108650.0,11176880.080000002
844,2024-12-12,ABONO INTERESES AHORROS,15.31,11176895.39
845,2024-12-12,COMPRA EN  SUPERMERCA,-56043.0,11120852.39
846,2024-12-13,COMPRA EN  SUPERMERCA,-76824.0,11044028.39
847,2024-12-13,ABONO INTERESES AHORROS,15.23,11044043.620000001
848,2024-12-13,PAGO DE NOMI UNIV DE IBAGUE,19998823.0,31042866.62
849,2024-12-14,ABONO INTERESES AHORROS,42.52,31042909.14
850,2024-12-14,TRANSFERENCIA CTA SUC VIRTUAL,-568500.0,30474409.14
851,2024-12-14,RETIRO CAJERO  PLAZA DEL BOSQU,-1000000.0,29474409.14
852,2024-12-14,COMPRA EN  SUPERMERCA,-52149.0,29422260.14
853,2024-12-14,COMPRA EN  PATPRIMO 2,-260300.0,29161960.14
854,2024-12-14,COMPRA EN  MILLA DE O,-75300.0,29086660.14
855,2024-12-14,COMPRA EN  DOLLARCITY,-104000.0,28982660.14
856,2024-12-15,COMPRA EN  FALABELLA,-375900.0,28606760.14
857,2024-12-15,COMPRA EN  FALABELLA,-209990.0,28396770.14
858,2024-12-15,TRANSFERENCIA CTA SUC VIRTUAL,-568500.0,27828270.14
859,2024-12-15,COMPRA EN  SURTIPLAZA,-107050.0,27721220.14
860,2024-12-15,ABONO INTERESES AHORROS,39.7,27721259.84
861,2024-12-16,RETIRO CAJERO  UNIVERSIDAD IBA,-300000.0,27421259.84
862,2024-12-16,COMPRA EN  CVSCONECTI,-619900.0,26801359.84
863,2024-12-16,COMPRA EN  SUPERMERCA,-82894.0,26718465.84
864,2024-12-16,ABONO INTERESES AHORROS,37.97,26718503.81
865,2024-12-17,ABONO INTERESES AHORROS,36.6,26718540.41
866,2024-12-17,PAGO INTERBANC UNIVERSIDAD PED,1044750.0,27763290.41
867,2024-12-18,COMPRA EN  SUPERMERCA,-180625.0,27582665.41
868,2024-12-18,COMPRA EN  TIENDA D1,-102920.0,27479745.41
869,2024-12-18,COMPRA EN  DOLLARCITY,-76000.0,27403745.41
870,2024-12-18,ABONO INTERESES AHORROS,38.03,27403783.44
871,2024-12-19,TRANSFERENCIA CTA SUC VIRTUAL,-2899500.0,24504283.44
872,2024-12-19,ABONO INTERESES AHORROS,37.53,24504320.97
873,2024-12-19,PAGO DE NOMI UNIV DE IBAGUE,6718963.0,31223283.970000003
874,2024-12-19,COMPRA EN  JOYERIA CA,-150000.0,31073283.970000003
875,2024-12-20,COMPRA EN  REFRIELECT,-13500.0,31059783.970000003
876,2024-12-20,COMPRA EN  SUPERTIEND,-42499.0,31017284.970000003
877,2024-12-20,COMPRA EN  METRO IBAG,-418570.0,30598714.970000003
878,2024-12-20,ABONO INTERESES AHORROS,42.56,30598757.53
879,2024-12-20,COMPRA EN  METRO IBAG,-28770.0,30569987.53
880,2024-12-20,COMPRA EN  SURTIPLAZA,-77023.0,30492964.53
881,2024-12-20,COMPRA EN  SUPERMERCA,-186830.0,30306134.53
882,2024-12-21,COMPRA EN  SUPERMERCA,-32100.0,30274034.53
883,2024-12-21,PAGO PSE COMUNICACION CELULAR,-130508.0,30143526.53
884,2024-12-21,COMPRA EN  SUPERTIEND,-19430.0,30124096.53
885,2024-12-21,TRANSFERENCIA CTA SUC VIRTUAL,-257400.0,29866696.53
886,2024-12-21,TRASLADO VIRTUAL OTROS BANCOS,-826066.0,29040630.53
887,2024-12-21,ABONO INTERESES AHORROS,41.51,29040672.040000003
888,2024-12-21,TRANSFERENCIA CTA SUC VIRTUAL,-257400.0,28783272.040000003
889,2024-12-22,ABONO INTERESES AHORROS,39.42,28783311.460000005
890,2024-12-22,AJUSTE INTERES AHORROS DB,-0.01,28783311.450000003
891,2024-12-22,RETIRO CAJERO  MF PLAZAS DEL B,-500000.0,28283311.450000003
892,2024-12-22,IVA COMIS TRASLADO OTROS BCOS,-1387.0,28281924.450000003
893,2024-12-22,COMISION TRASLADO OTROS BANCOS,-7300.0,28274624.450000003
894,2024-12-23,COMPRA EN  JUAN VALDE,-37500.0,28237124.450000003
895,2024-12-23,COMPRA EN  SUPERMERCA,-372845.0,27864279.450000003
896,2024-12-23,RETIRO CAJERO  PLAZA DEL BOSQU,-500000.0,27364279.450000003
897,2024-12-23,ABONO INTERESES AHORROS,38.73,27364318.180000003
898,2024-12-24,ABONO INTERESES AHORROS,37.48,27364355.660000004
899,2024-12-24,COMPRA EN  METRO IBAG,-117902.0,27246453.660000004
900,2024-12-24,COMPRA EN  SUPERMERCA,-100687.0,27145766.660000004
901,2024-12-25,COMPRA EN  SUPERMERCA,-35256.0,27110510.660000004
902,2024-12-25,ABONO INTERESES AHORROS,37.18,27110547.840000004
903,2024-12-26,ABONO INTERESES AHORROS,37.13,27110584.970000003
904,2024-12-26,COMPRA EN  DIST MAXIB,-34000.0,27076584.970000003
905,2024-12-28,COMPRA EN SUPERMERCADO POPULAR,-63208.0,27013376.970000003
