,FECHA,DESCRIPCION,CREDIT/DEBIT,SALDO,MONEDA
0,2025-01-01 00:00:00,ABONO INTERESES AHORROS,34.88,25600347.67,COP
1,2025-01-01 00:00:00,TRANSFERENCIA A NEQUI,-136850.0,25463497.67,COP
2,2025-01-02 00:00:00,COMPRA EN  IGSA HL S,-92324.0,25371173.67,COP
3,2025-01-02 00:00:00,COMPRA INTL  PAYPAL  DISNEYPLU,-55423.01,25315750.66,COP
4,2025-01-02 00:00:00,PAGO AUTOM TC MASTER PESOS,-35200.0,25280550.66,COP
5,2025-01-03 00:00:00,ABONO INTERESES AHORROS,69.26,25280619.92,COP
6,2025-01-04 00:00:00,ABONO INTERESES AHORROS,33.85,25280653.77,COP
7,2025-01-04 00:00:00,TRANSFERENCIA A NEQUI,-7600.0,25273053.77,COP
8,2025-01-04 00:00:00,TRANSFERENCIA A NEQUI,-35000.0,25238053.77,COP
9,2025-01-04 00:00:00,COMPRA EN  BOLD*Ances,-74800.0,25163253.77,COP
10,2025-01-04 00:00:00,COMPRA EN  BOLD*BUNNY,-210000.0,24953253.77,COP
11,2025-01-04 00:00:00,COMPRA EN  BOLD*Oroju,-210000.0,24743253.77,COP
12,2025-01-04 00:00:00,PAGO PSE COMUNICACION CELULAR,-31500.0,24711753.77,COP
13,2025-01-05 00:00:00,COMPRA EN  BOLD*Velve,-29000.0,24663287.07,COP
14,2025-01-05 00:00:00,TRANSFERENCIA A NEQUI,-19500.0,24692287.07,COP
15,2025-01-05 00:00:00,RETIRO CAJERO  UNICENTRO TUNJA,-300000.0,24313587.07,COP
16,2025-01-05 00:00:00,COMPRA EN  PIPE PARRI,-49700.0,24613587.07,COP
17,2025-01-05 00:00:00,ABONO INTERESES AHORROS,33.3,24711787.07,COP
18,2025-01-06 00:00:00,ABONO INTERESES AHORROS,33.24,24313620.31,COP
19,2025-01-06 00:00:00,COMPRA EN  TENAMPA PA,-46700.0,24266920.31,COP
20,2025-01-07 00:00:00,ABONO INTERESES AHORROS,31.87,24266952.18,COP
21,2025-01-07 00:00:00,RETIRO CAJERO  PLAZA DEL BOSQU,-1000000.0,23266952.18,COP
22,2025-01-08 00:00:00,COMPRA EN  TOSTAO CAF,-16500.0,23235483.87,COP
23,2025-01-08 00:00:00,TRANSFERENCIA CTA SUC VIRTUAL,-100000.0,23135483.87,COP
24,2025-01-08 00:00:00,ABONO INTERESES AHORROS,31.69,23266983.87,COP
25,2025-01-08 00:00:00,COMPRA EN  SUPERMERCA,-15000.0,23251983.87,COP
26,2025-01-09 00:00:00,COMPRA EN  TIENDA D1,-56170.0,23067445.46,COP
27,2025-01-09 00:00:00,ABONO INTERESES AHORROS,31.59,23135515.46,COP
28,2025-01-09 00:00:00,COMPRA EN  SUPERMERCA,-11900.0,23123615.46,COP
29,2025-01-10 00:00:00,ABONO INTERESES AHORROS,30.99,23067476.45,COP
30,2025-01-10 00:00:00,COMPRA EN  JHON PEZ F,-109510.0,22957966.45,COP
31,2025-01-10 00:00:00,COMPRA EN  FUENTE DE,-35200.0,22922766.45,COP
32,2025-01-10 00:00:00,RETIRO CAJERO  UNIVERSIDAD IBA,-300000.0,22622766.45,COP
33,2025-01-11 00:00:00,ABONO INTERESES AHORROS,30.82,22622797.27,COP
34,2025-01-11 00:00:00,COMPRA EN  EXITO WOW,-120292.0,22502505.27,COP
35,2025-01-12 00:00:00,ABONO INTERESES AHORROS,30.75,22502536.02,COP
36,2025-01-12 00:00:00,COMPRA EN  SUPERMERCA,-19592.0,22482944.02,COP
37,2025-01-12 00:00:00,PAGO PSE COMUNICACION CELULAR,-31500.0,22451444.02,COP
38,2025-01-13 00:00:00,ABONO INTERESES AHORROS,30.7,22451474.72,COP
39,2025-01-13 00:00:00,COMPRA EN  SUPERMERCA,-38820.0,22412654.72,COP
40,2025-01-14 00:00:00,PAGO DE NOMI UNIV DE IBAGUE,1819738.0,24232392.72,COP
41,2025-01-14 00:00:00,ABONO INTERESES AHORROS,33.19,24232425.91,COP
42,2025-01-15 00:00:00,RETIRO CAJERO  MF PLAZAS DEL B,-500000.0,23732425.91,COP
43,2025-01-16 00:00:00,ABONO INTERESES AHORROS,65.02,23732490.93,COP
44,2025-01-17 00:00:00,ABONO INTERESES AHORROS,32.45,23732523.38,COP
45,2025-01-17 00:00:00,COMPRA EN  SUPERMERCA,-38140.0,23694383.38,COP
46,2025-01-18 00:00:00,ABONO INTERESES AHORROS,32.24,23694415.62,COP
47,2025-01-18 00:00:00,COMPRA EN  SUPERMERCA,-84330.0,23610085.62,COP
48,2025-01-18 00:00:00,COMPRA EN  TIENDA D1,-41900.0,23568185.62,COP
49,2025-01-18 00:00:00,COMPRA EN  FUENTE DE,-26400.0,23541785.62,COP
50,2025-01-19 00:00:00,ABONO INTERESES AHORROS,31.94,23541817.56,COP
51,2025-01-19 00:00:00,COMPRA EN  SURTIPLAZA,-94425.0,23447392.56,COP
52,2025-01-19 00:00:00,PAGO PSE COMUNICACION CELULAR,-130508.0,23316884.56,COP
53,2025-01-20 00:00:00,ABONO INTERESES AHORROS,31.89,23316916.45,COP
54,2025-01-20 00:00:00,COMPRA EN  SUPERMERCA,-30588.0,23286328.45,COP
55,2025-01-21 00:00:00,COMPRA EN  DROG MEDIC,-34500.0,23251828.45,COP
56,2025-01-21 00:00:00,COMPRA EN  BOLD*SUAN,-75500.0,23176328.45,COP
57,2025-01-21 00:00:00,COMPRA EN  DROGUERIA,-112000.0,23064328.45,COP
58,2025-01-23 00:00:00,ABONO INTERESES AHORROS,94.77,23064423.22,COP
59,2025-01-24 00:00:00,ABONO INTERESES AHORROS,31.44,23064454.66,COP
60,2025-01-24 00:00:00,COMPRA EN  DROGUERIA,-108100.0,22956354.66,COP
61,2025-01-25 00:00:00,ABONO INTERESES AHORROS,31.32,22956385.98,COP
62,2025-01-25 00:00:00,COMPRA EN  SUPERMERCA,-92107.0,22864278.98,COP
63,2025-01-26 00:00:00,ABONO INTERESES AHORROS,31.15,22864310.13,COP
64,2025-01-26 00:00:00,COMPRA EN  SUPERMERCA,-117483.0,22746827.13,COP
65,2025-01-27 00:00:00,PAGO IBAL S.A. ESP,-36700.0,22710127.13,COP
66,2025-01-27 00:00:00,PAGO SUC VIRT TC MASTER PESOS,-54100.0,22656027.13,COP
67,2025-01-27 00:00:00,COMPRA EN  DROGUERIA,-83000.0,22573027.13,COP
68,2025-01-27 00:00:00,PAGO APP ALCANOS DE COLOMBIA,-35860.0,22537167.13,COP
69,2025-01-28 00:00:00,ABONO INTERESES AHORROS,61.74,22537228.87,COP
70,2025-01-29 00:00:00,ABONO INTERESES AHORROS,30.38,22537259.25,COP
71,2025-01-29 00:00:00,PAGO SUC VIRT TC MASTER PESOS,-18900.0,22518359.25,COP
72,2025-01-29 00:00:00,COMPRA EN  SUPERMERCA,-138334.0,22380025.25,COP
73,2025-01-29 00:00:00,PAGO PSE MOVII SA,-200000.0,22180025.25,COP
74,2025-01-30 00:00:00,PAGO DE NOMI UNIV DE IBAGUE,4796629.0,26976654.25,COP
75,2025-01-30 00:00:00,ABONO INTERESES AHORROS,35.51,26976689.76,COP
76,2025-01-30 00:00:00,COMPRA EN  SUPERMERCA,-50790.0,26925899.76,COP
77,2025-01-30 00:00:00,RETIRO CAJERO  PLAZA DEL BOSQU,-1000000.0,25925899.76,COP
78,2025-01-31 00:00:00,TRASLADO VIRTUAL OTROS BANCOS,-217799.0,25708135.67,COP
79,2025-01-31 00:00:00,ABONO INTERESES AHORROS,34.91,25925934.67,COP
80,2025-01-31 00:00:00,TRANSFERENCIA CTA SUC VIRTUAL,-217700.0,25490435.67,COP
81,2025-01-31 00:00:00,AJUSTE INTERES AHORROS DB,-0.01,25490435.66,COP
82,2025-01-31 00:00:00,IVA COMIS TRASLADO OTROS BCOS,-1387.0,25481748.66,COP
83,2025-01-31 00:00:00,COMISION TRASLADO OTROS BANCOS,-7300.0,25483135.66,COP
84,2025-02-01 00:00:00,COMPRA EN  SUPERMERCA,-180639.0,25234044.17,COP
85,2025-02-01 00:00:00,COMPRA EN  TOSTAO CAF,-39900.0,25194144.17,COP
86,2025-02-01 00:00:00,ABONO INTERESES AHORROS,34.51,25481783.17,COP
87,2025-02-01 00:00:00,COMPRA EN  SURTIPLAZA,-67100.0,25414683.17,COP
88,2025-02-02 00:00:00,COMPRA EN  SURTIPLAZA,-51053.0,25143125.5,COP
89,2025-02-02 00:00:00,COMPRA INTL  PAYPAL  DISNEYPLU,-74893.37,25068232.13,COP
90,2025-02-02 00:00:00,ABONO INTERESES AHORROS,34.33,25194178.5,COP
91,2025-02-03 00:00:00,ABONO INTERESES AHORROS,33.29,25068265.42,COP
92,2025-02-03 00:00:00,COMPRA EN  SUPERMERCA,-60450.0,25007815.42,COP
93,2025-02-03 00:00:00,RETIRO CAJERO  PLAZA DEL BOSQU,-700000.0,24307815.42,COP
94,2025-02-04 00:00:00,COMPRA EN  TIENDA D1,-35090.0,24272725.42,COP
95,2025-02-04 00:00:00,PAGO PSE COMUNICACION CELULAR,-31500.0,24241225.42,COP
96,2025-02-05 00:00:00,ABONO INTERESES AHORROS,66.4,24241291.82,COP
97,2025-02-06 00:00:00,ABONO INTERESES AHORROS,32.86,24241324.68,COP
98,2025-02-06 00:00:00,COMPRA EN  TIENDA D1,-43890.0,24197434.68,COP
99,2025-02-06 00:00:00,COMPRA EN  JHON PEZ F,-76990.0,24120444.68,COP
100,2025-02-06 00:00:00,PAGO PSE COMUNICACION CELULAR,-130508.0,23989936.68,COP
101,2025-02-07 00:00:00,ABONO INTERESES AHORROS,32.69,23989969.37,COP
102,2025-02-07 00:00:00,RETIRO CAJERO  PLAZA DEL BOSQU,-120000.0,23869969.37,COP
103,2025-02-08 00:00:00,COMPRA EN  EXITO WOW,-143196.0,23726805.75,COP
104,2025-02-08 00:00:00,COMPRA EN  SUPERMERCA,-88633.0,23638172.75,COP
105,2025-02-08 00:00:00,ABONO INTERESES AHORROS,32.38,23870001.75,COP
106,2025-02-09 00:00:00,COMPRA EN  SURTIPLAZA,-96500.0,23541672.75,COP
107,2025-02-10 00:00:00,ABONO INTERESES AHORROS,64.48,23541737.23,COP
108,2025-02-11 00:00:00,ABONO INTERESES AHORROS,32.08,23541769.31,COP
109,2025-02-11 00:00:00,RETIRO CAJERO  UNIVERSIDAD IBA,-120000.0,23421769.31,COP
110,2025-02-12 00:00:00,RETIRO CAJERO  UNIVERSIDAD IBA,-50000.0,23371769.31,COP
111,2025-02-13 00:00:00,ABONO INTERESES AHORROS,64.02,23371833.33,COP
112,2025-02-14 00:00:00,ABONO INTERESES AHORROS,35.62,27109328.95,COP
113,2025-02-14 00:00:00,RETIRO CAJERO  UNIVERSIDAD IBA,-1000000.0,26109328.95,COP
114,2025-02-14 00:00:00,PAGO DE NOMI UNIV DE IBAGUE,3737460.0,27109293.33,COP
115,2025-02-14 00:00:00,RETIRO CAJERO  UNIVERSIDAD IBA,-100000.0,26009328.95,COP
116,2025-02-15 00:00:00,ABONO INTERESES AHORROS,35.22,26009364.17,COP
117,2025-02-15 00:00:00,COMPRA EN  BOLD*SUAN,-44000.0,25912564.17,COP
118,2025-02-15 00:00:00,COMPRA EN  METRO IBAG,-73596.0,25838968.17,COP
119,2025-02-15 00:00:00,COMPRA EN  FUENTE DE,-52800.0,25956564.17,COP
120,2025-02-15 00:00:00,COMPRA EN  JHON PEZ F,-123460.0,25715508.17,COP
121,2025-02-16 00:00:00,ABONO INTERESES AHORROS,34.84,25715543.01,COP
122,2025-02-16 00:00:00,COMPRA EN  SUPERMERCA,-75957.0,25639586.01,COP
123,2025-02-16 00:00:00,RETIRO CAJERO  PLAZA DEL BOSQU,-200000.0,25439586.01,COP
124,2025-02-17 00:00:00,ABONO INTERESES AHORROS,34.68,25439620.69,COP
125,2025-02-17 00:00:00,TRANSFERENCIA CTA SUC VIRTUAL,-123000.0,25316620.69,COP
126,2025-02-18 00:00:00,COMPRA EN  SUPERMERCA,-107275.0,25209345.69,COP
127,2025-02-20 00:00:00,ABONO INTERESES AHORROS,103.59,25209449.28,COP
128,2025-02-21 00:00:00,ABONO INTERESES AHORROS,34.36,25209483.64,COP
129,2025-02-21 00:00:00,COMPRA EN  SUPERMERCA,-120985.0,25088498.64,COP
130,2025-02-22 00:00:00,ABONO INTERESES AHORROS,33.95,25088532.59,COP
131,2025-02-22 00:00:00,TRANSFERENCIA CTA SUC VIRTUAL,-300000.0,24788532.59,COP
132,2025-02-23 00:00:00,COMPRA EN  SUPERMERCA,-35650.0,24752882.59,COP
133,2025-02-23 00:00:00,COMPRA EN  SUPERMERCA,-122500.0,24630382.59,COP
134,2025-02-26 00:00:00,ABONO INTERESES AHORROS,134.96,24630517.55,COP
135,2025-02-27 00:00:00,ABONO INTERESES AHORROS,33.6,24630551.15,COP
136,2025-02-27 00:00:00,PAGO IBAL S.A. ESP,-39800.0,24590751.15,COP
137,2025-02-27 00:00:00,PAGO APP ALCANOS DE COLOMBIA,-62080.0,24528671.15,COP
138,2025-02-28 00:00:00,PAGO DE NOMI UNIV DE IBAGUE,4359644.0,28888315.15,COP
139,2025-02-28 00:00:00,ABONO INTERESES AHORROS,37.72,28888352.87,COP
140,2025-02-28 00:00:00,COMPRA EN  SUPERMERCA,-24497.0,28863855.87,COP
141,2025-02-28 00:00:00,COMPRA EN  SUPERTIEND,-34100.0,28829755.87,COP
142,2025-02-28 00:00:00,RETIRO CAJERO  MF PLAZAS DEL B,-1000000.0,27829755.87,COP
143,2025-02-28 00:00:00,TRANSFERENCIA CTA SUC VIRTUAL,-143930.0,27685825.87,COP
144,2025-02-28 00:00:00,TRANSFERENCIA CTA SUC VIRTUAL,-143930.0,27541895.87,COP
145,2025-03-01 00:00:00,COMPRA EN  EXITO WOW,-128931.0,27413001.52,COP
146,2025-03-01 00:00:00,PAGO PSE MOVII SA,-200000.0,27022221.52,COP
147,2025-03-01 00:00:00,ABONO INTERESES AHORROS,36.65,27541932.52,COP
148,2025-03-01 00:00:00,COMPRA EN  SUPERMERCA,-136780.0,27276221.52,COP
149,2025-03-01 00:00:00,TRASLADO VIRTUAL OTROS BANCOS,-267163.0,26755058.52,COP
150,2025-03-01 00:00:00,COMISION TRASLADO OTROS BANCOS,-7300.0,26747758.5,COP
151,2025-03-01 00:00:00,IVA COMIS TRASLADO OTROS BCOS,-1387.0,26746371.5,COP
152,2025-03-01 00:00:00,AJUSTE INTERES AHORROS DB,-0.02,26755058.5,COP
153,2025-03-01 00:00:00,COMPRA EN  NATURALS A,-54000.0,27222221.52,COP
154,2025-03-02 00:00:00,ABONO INTERESES AHORROS,36.49,26746407.99,COP
155,2025-03-02 00:00:00,PAGO PSE COMUNICACION CELULAR,-32000.0,26714407.99,COP
156,2025-03-02 00:00:00,COMPRA INTL  PAYPAL  DISNEYPLU,-74120.77,26640287.22,COP
157,2025-03-03 00:00:00,COMPRA EN  TIENDA D1,-52370.0,26587917.22,COP
158,2025-03-03 00:00:00,RETIRO CAJERO  PLAZA DEL BOSQU,-700000.0,25887917.22,COP
159,2025-03-03 00:00:00,PAGO AUTOM TC MASTER PESOS,-35200.0,25852717.22,COP
160,2025-03-05 00:00:00,ABONO INTERESES AHORROS,106.23,25852823.45,COP
161,2025-03-06 00:00:00,TRANSFERENCIA CTA SUC VIRTUAL,50000.0,25902823.45,COP
162,2025-03-06 00:00:00,ABONO INTERESES AHORROS,35.48,25902858.93,COP
163,2025-03-07 00:00:00,PAGO PSE COMUNICACION CELULAR,-130508.0,25772386.02,COP
164,2025-03-07 00:00:00,TRANSFERENCIA CTA SUC VIRTUAL,-150000.0,25622386.02,COP
165,2025-03-07 00:00:00,ABONO INTERESES AHORROS,35.09,25902894.02,COP
166,2025-03-08 00:00:00,ABONO INTERESES AHORROS,34.58,25622420.6,COP
167,2025-03-08 00:00:00,COMPRA EN  JHON PEZ F,-104460.0,25517960.6,COP
168,2025-03-08 00:00:00,COMPRA EN  METRO IBAG,-72630.0,25445330.6,COP
169,2025-03-08 00:00:00,RETIRO CAJERO  CAJERO AUTO C.C,-200000.0,25245330.6,COP
170,2025-03-09 00:00:00,COMPRA EN  SUPERTIEND,-29190.0,24899908.6,COP
171,2025-03-09 00:00:00,PAGO PSE COMUNICACION CELULAR,-32000.0,24867908.6,COP
172,2025-03-09 00:00:00,COMPRA EN  FALABELLA,-233970.0,25011360.6,COP
173,2025-03-09 00:00:00,COMPRA EN  SUPERMERCA,-82262.0,24929098.6,COP
174,2025-03-13 00:00:00,ABONO INTERESES AHORROS,170.3,24868078.9,COP
175,2025-03-14 00:00:00,ABONO INTERESES AHORROS,36.88,28605575.78,COP
176,2025-03-14 00:00:00,PAGO DE NOMI UNIV DE IBAGUE,3737460.0,28605538.9,COP
177,2025-03-14 00:00:00,COMPRA EN  SUPERTIEND,-260067.0,28345508.78,COP
178,2025-03-14 00:00:00,TRANSFERENCIA CTA SUC VIRTUAL,-121300.0,26924208.78,COP
179,2025-03-14 00:00:00,RETIRO CAJERO  PLAZA DEL BOSQU,-1300000.0,27045508.78,COP
180,2025-03-15 00:00:00,TRANSFERENCIA CTA SUC VIRTUAL,-920000.0,26004208.78,COP
181,2025-03-15 00:00:00,TRANSFERENCIA CTA SUC VIRTUAL,-123100.0,25881108.78,COP
182,2025-03-21 00:00:00,ABONO INTERESES AHORROS,248.15,25881356.93,COP
183,2025-03-22 00:00:00,ABONO INTERESES AHORROS,35.37,25881392.3,COP
184,2025-03-22 00:00:00,COMPRA EN  SUPERMERCA,-58310.0,25823082.3,COP
185,2025-03-23 00:00:00,ABONO INTERESES AHORROS,35.06,25823117.36,COP
186,2025-03-23 00:00:00,COMPRA EN  FONDANT CA,-42000.0,25781117.36,COP
187,2025-03-23 00:00:00,COMPRA EN  SURTIPLAZA,-165233.0,25615884.36,COP
188,2025-03-23 00:00:00,TRANSFERENCIA CTA SUC VIRTUAL,-20000.0,25595884.36,COP
189,2025-03-24 00:00:00,ABONO INTERESES AHORROS,35.02,25595919.38,COP
190,2025-03-24 00:00:00,COMPRA EN  SUPERTIEND,-25001.0,25570918.38,COP
191,2025-03-25 00:00:00,RETIRO CAJERO  UNIVERSIDAD IBA,-200000.0,25244728.38,COP
192,2025-03-25 00:00:00,COMPRA EN  SUPERTIEND,-67400.0,25503518.38,COP
193,2025-03-25 00:00:00,PAGO APP ALCANOS DE COLOMBIA,-58790.0,25444728.38,COP
194,2025-03-26 00:00:00,ABONO INTERESES AHORROS,69.16,25244797.54,COP
195,2025-03-27 00:00:00,PAGO INTERBANC DLOCAL COLOMBIA,37.75,25244835.29,COP
196,2025-03-27 00:00:00,ABONO INTERESES AHORROS,34.52,25244869.81,COP
197,2025-03-27 00:00:00,PAGO IBAL S.A. ESP,-39800.0,25205069.81,COP
198,2025-03-28 00:00:00,PAGO DE NOMI UNIV DE IBAGUE,4779708.0,29984777.81,COP
199,2025-03-28 00:00:00,ABONO INTERESES AHORROS,38.82,29984816.63,COP
200,2025-03-28 00:00:00,RETIRO CAJERO  PLAZA DEL BOSQU,-1200000.0,28784816.63,COP
201,2025-03-28 00:00:00,TRASLADO VIRTUAL OTROS BANCOS,-281229.0,28503587.63,COP
202,2025-03-28 00:00:00,TRANSFERENCIA CTA SUC VIRTUAL,-159800.0,28343787.63,COP
203,2025-03-28 00:00:00,AJUSTE INTERES AHORROS DB,-0.01,28343787.62,COP
204,2025-03-28 00:00:00,COMISION TRASLADO OTROS BANCOS,-7300.0,28336487.62,COP
205,2025-03-28 00:00:00,IVA COMIS TRASLADO OTROS BCOS,-1387.0,28335100.62,COP
206,2025-03-29 00:00:00,COMPRA EN  JHON PEZ F,-158270.0,28139268.6,COP
207,2025-03-29 00:00:00,COMPRA EN  JUAN VALDE,-37600.0,28297538.6,COP
208,2025-03-29 00:00:00,COMPRA EN  TIENDA D1,-27900.0,27725753.6,COP
209,2025-03-29 00:00:00,COMPRA EN  SURTIPLAZA,-385615.0,27753653.6,COP
210,2025-03-29 00:00:00,ABONO INTERESES AHORROS,37.98,28335138.6,COP
211,2025-03-30 00:00:00,COMPRA EN  TIENDA D1,-27160.0,27698593.6,COP
212,2025-03-30 00:00:00,COMPRA EN  TOSTAO CAF,-33000.0,27665593.6,COP
213,2025-03-30 00:00:00,COMPRA EN  JUAN VALDE,-29800.0,27635793.6,COP
214,2025-03-30 00:00:00,COMPRA EN  METRO IBAG,-46350.0,27589443.6,COP
215,2025-03-31 00:00:00,ABONO INTERESES AHORROS,75.58,27589519.18,COP
216,2025-04-01 00:00:00,ABONO INTERESES AHORROS,37.24,27589556.42,COP
217,2025-04-01 00:00:00,RETIRO CAJERO  UNIVERSIDAD IBA,-400000.0,27189556.42,COP
218,2025-04-02 00:00:00,ABONO INTERESES AHORROS,37.14,27189593.56,COP
219,2025-04-02 00:00:00,COMPRA INTL  PAYPAL  DISNEYPLU,-74395.87,27115197.69,COP
220,2025-04-03 00:00:00,COMPRA EN  JHON PEZ F,-28000.0,27087197.69,COP
221,2025-04-03 00:00:00,PAGO AUTOM TC MASTER PESOS,-54100.0,27033097.69,COP
222,2025-04-05 00:00:00,ABONO INTERESES AHORROS,111.09,27033208.78,COP
223,2025-04-06 00:00:00,ABONO INTERESES AHORROS,36.89,27033245.67,COP
224,2025-04-06 00:00:00,COMPRA EN  SUPERMERCA,-66527.0,26966718.67,COP
225,2025-04-06 00:00:00,PAGO PSE COMUNICACION CELULAR,-32000.0,26934718.67,COP
226,2025-04-07 00:00:00,ABONO INTERESES AHORROS,36.79,26934755.46,COP
227,2025-04-07 00:00:00,COMPRA EN  SUPERMERCA,-71634.0,26863121.46,COP
228,2025-04-08 00:00:00,ABONO INTERESES AHORROS,36.52,26863157.98,COP
229,2025-04-08 00:00:00,RETIRO CAJERO  UNIVERSIDAD IBA,-200000.0,26663157.98,COP
230,2025-04-09 00:00:00,ABONO INTERESES AHORROS,36.48,26663194.46,COP
231,2025-04-09 00:00:00,PAGO PSE COMUNICACION CELULAR,-32000.0,26631194.46,COP
232,2025-04-10 00:00:00,ABONO INTERESES AHORROS,35.76,26631230.22,COP
233,2025-04-10 00:00:00,TRANSFERENCIA CTA SUC VIRTUAL,-520000.0,26111230.22,COP
234,2025-04-11 00:00:00,PAGO DE NOMI UNIV DE IBAGUE,3737460.0,29848690.22,COP
235,2025-04-11 00:00:00,PAGO PSE COMUNICACION CELULAR,-130508.0,29718222.25,COP
236,2025-04-11 00:00:00,TRANSFERENCIA CTA SUC VIRTUAL,-123100.0,29595122.25,COP
237,2025-04-11 00:00:00,ABONO INTERESES AHORROS,40.03,29848730.25,COP
238,2025-04-11 00:00:00,TRANSFERENCIA CTA SUC VIRTUAL,-370000.0,29225122.25,COP
239,2025-04-12 00:00:00,ABONO INTERESES AHORROS,39.54,29225161.79,COP
240,2025-04-12 00:00:00,COMPRA EN  BOLD*Lania,-90000.0,29135161.79,COP
241,2025-04-12 00:00:00,COMPRA EN  SUPERTIEND,-52800.0,29082361.79,COP
242,2025-04-12 00:00:00,COMPRA EN  COUSINS ES,-89400.0,28992961.79,COP
243,2025-04-12 00:00:00,COMPRA EN  SUPERMERCA,-91009.0,28901952.79,COP
244,2025-04-12 00:00:00,COMPRA EN  FONDANT CA,-32000.0,28869952.79,COP
245,2025-04-13 00:00:00,ABONO INTERESES AHORROS,39.42,28869992.21,COP
246,2025-04-13 00:00:00,COMPRA EN  SUPERMERCA,-45250.0,28824742.21,COP
247,2025-04-13 00:00:00,COMPRA EN  FUENTE DE,-44200.0,28780542.21,COP
248,2025-04-14 00:00:00,ABONO INTERESES AHORROS,37.49,28780579.7,COP
249,2025-04-14 00:00:00,COMPRA EN  SUPERMERCA,-33100.0,28747479.7,COP
250,2025-04-14 00:00:00,COMPRA EN  TIENDA D1,-50520.0,28696959.7,COP
251,2025-04-14 00:00:00,PAGO APP ALCANOS DE COLOMBIA,-58910.0,28638049.7,COP
252,2025-04-14 00:00:00,RETIRO CAJERO  ATM PLAZA DEL B,-1200000.0,27438049.7,COP
253,2025-04-14 00:00:00,TRANSFERENCIA CTA SUC VIRTUAL,-68000.0,27370049.7,COP
254,2025-04-15 00:00:00,ABONO INTERESES AHORROS,37.46,27370087.16,COP
255,2025-04-15 00:00:00,COMPRA EN  SUPERMERCA,-23184.0,27346903.16,COP
256,2025-04-16 00:00:00,COMPRA EN  SUPERMERCA,-127408.0,27219495.16,COP
257,2025-04-17 00:00:00,ABONO INTERESES AHORROS,74.56,27219569.72,COP
258,2025-04-18 00:00:00,ABONO INTERESES AHORROS,36.87,27219606.59,COP
259,2025-04-18 00:00:00,RETIRO CAJERO  ATM PLAZA DEL B,-300000.0,26919606.59,COP
260,2025-04-19 00:00:00,ABONO INTERESES AHORROS,36.81,26919643.4,COP
261,2025-04-19 00:00:00,COMPRA EN  SUPERMERCA,-41989.0,26877654.4,COP
262,2025-04-20 00:00:00,COMPRA EN  SUPERMERCA,-33759.0,26843895.4,COP
263,2025-04-20 00:00:00,COMPRA EN  SUPERMERCA,-161045.0,26682850.4,COP
264,2025-04-21 00:00:00,ABONO INTERESES AHORROS,73.1,26682923.5,COP
265,2025-04-22 00:00:00,COMPRA EN  SUPERMERCA,-13041.0,26669882.5,COP
266,2025-04-25 00:00:00,ABONO INTERESES AHORROS,146.12,26670028.62,COP
267,2025-04-26 00:00:00,ABONO INTERESES AHORROS,36.24,26670064.86,COP
268,2025-04-26 00:00:00,PAGO IBAL S.A. ESP,-41100.0,26628964.86,COP
269,2025-04-26 00:00:00,COMPRA EN  SURTIPLAZA,-85285.0,26543679.86,COP
270,2025-04-26 00:00:00,COMPRA EN  FUENTE DE,-48000.0,26495679.86,COP
271,2025-04-26 00:00:00,COMPRA EN  TIENDA D1,-38900.0,26456779.86,COP
272,2025-04-27 00:00:00,ABONO INTERESES AHORROS,36.23,26456816.09,COP
273,2025-04-27 00:00:00,PAGO QR ORIGO CAFE,-4600.0,26452216.09,COP
274,2025-04-28 00:00:00,ABONO INTERESES AHORROS,36.09,26452252.18,COP
275,2025-04-28 00:00:00,RETIRO CAJERO  UNIVERSIDAD IBA,-100000.0,26352252.18,COP
276,2025-04-29 00:00:00,TRASLADO VIRTUAL OTROS BANCOS,-267273.0,29444663.51,COP
277,2025-04-29 00:00:00,PAGO DE NOMI UNIV DE IBAGUE,4359644.0,30711896.18,COP
278,2025-04-29 00:00:00,ABONO INTERESES AHORROS,40.33,30711936.51,COP
279,2025-04-29 00:00:00,AJUSTE INTERES AHORROS DB,-0.01,29444663.5,COP
280,2025-04-29 00:00:00,COMISION TRASLADO OTROS BANCOS,-7300.0,29437363.5,COP
281,2025-04-29 00:00:00,IVA COMIS TRASLADO OTROS BCOS,-1387.0,29435976.5,COP
282,2025-04-29 00:00:00,RETIRO CAJERO  UNIVERSIDAD IBA,-1000000.0,29711936.51,COP
283,2025-04-30 00:00:00,ABONO INTERESES AHORROS,39.92,29436016.42,COP
284,2025-04-30 00:00:00,TRANSFERENCIA CTA SUC VIRTUAL,-143900.0,29292116.42,COP
285,2025-04-30 00:00:00,TRANSFERENCIA CTA SUC VIRTUAL,-143900.0,29148216.42,COP
286,2025-05-01 00:00:00,COMPRA EN  SUPERMERCA,-40710.0,27979644.66,COP
287,2025-05-01 00:00:00,COMPRA EN  METRO IBAG,-64293.0,27915351.66,COP
288,2025-05-01 00:00:00,ABONO INTERESES AHORROS,38.24,29148254.66,COP
289,2025-05-01 00:00:00,COMPRA EN  ESPRIT,-549700.0,28598554.66,COP
290,2025-05-01 00:00:00,COMPRA EN  FONDANT CA,-78300.0,28520254.66,COP
291,2025-05-01 00:00:00,COMPRA EN  BOSI MULTI,-499900.0,28020354.66,COP
292,2025-05-02 00:00:00,ABONO INTERESES AHORROS,37.69,27915389.35,COP
293,2025-05-02 00:00:00,COMPRA EN  TIENDA D1,-23790.0,27891599.35,COP
294,2025-05-02 00:00:00,RETIRO CAJERO  ATM PLAZA DEL B,-300000.0,27591599.35,COP
295,2025-05-02 00:00:00,COMPRA INTL  PAYPAL  DISNEYPLU,-76296.05,27515303.3,COP
296,2025-05-03 00:00:00,ABONO INTERESES AHORROS,36.67,27515339.97,COP
297,2025-05-03 00:00:00,COMPRA EN  FONDANT CA,-53000.0,27462339.97,COP
298,2025-05-03 00:00:00,COMPRA EN  METRO IBAG,-21190.0,27441149.97,COP
299,2025-05-03 00:00:00,COMPRA EN  EXITO WOW,-122029.0,27319120.97,COP
300,2025-05-03 00:00:00,COMPRA EN  CEREZA CAF,-26200.0,27292920.97,COP
301,2025-05-03 00:00:00,COMPRA EN  FUENTE DE,-38400.0,27254520.97,COP
302,2025-05-03 00:00:00,COMPRA EN  CRUZ VERDE,-76380.0,27178140.97,COP
303,2025-05-03 00:00:00,COMPRA EN  SURTIPLAZA,-87417.0,27090723.97,COP
304,2025-05-03 00:00:00,COMPRA EN  TIENDA D1,-16950.0,27073773.97,COP
305,2025-05-03 00:00:00,TRANSFERENCIA CTA SUC VIRTUAL,-300000.0,26773773.97,COP
306,2025-05-04 00:00:00,COMPRA EN  METRO IBAG,-76263.0,26697547.38,COP
307,2025-05-04 00:00:00,ABONO INTERESES AHORROS,36.41,26773810.38,COP
308,2025-05-04 00:00:00,COMPRA EN  SUPERMERCA,-54138.0,26585710.38,COP
309,2025-05-04 00:00:00,COMPRA EN  SUPERMERCA,-57699.0,26639848.38,COP
310,2025-05-05 00:00:00,PAGO AUTOM TC MASTER PESOS,-208825.0,26376885.38,COP
311,2025-05-08 00:00:00,ABONO INTERESES AHORROS,144.52,26377029.9,COP
312,2025-05-09 00:00:00,ABONO INTERESES AHORROS,30.79,26377060.69,COP
313,2025-05-09 00:00:00,PAGO SUC VIRT TC MASTER PESOS,-18900.0,26358160.69,COP
314,2025-05-09 00:00:00,PAGO PSE Wingo Aerorepublica,-3411498.0,22946662.69,COP
315,2025-05-09 00:00:00,PAGO PSE Unidad Administrativ,-85000.0,22861662.69,COP
316,2025-05-09 00:00:00,RETIRO CAJERO  UNIVERSIDAD IBA,-200000.0,22661662.69,COP
317,2025-05-09 00:00:00,TRANSFERENCIA CTA SUC VIRTUAL,-30000.0,22631662.69,COP
318,2025-05-09 00:00:00,TRANSFERENCIA CTA SUC VIRTUAL,-150000.0,22481662.69,COP
319,2025-05-10 00:00:00,ABONO INTERESES AHORROS,30.7,22481693.39,COP
320,2025-05-10 00:00:00,PAGO PSE COMUNICACION CELULAR,-32000.0,22449693.39,COP
321,2025-05-10 00:00:00,PAGO PSE COMUNICACION CELULAR,-32000.0,22417693.39,COP
322,2025-05-11 00:00:00,COMPRA EN  DOLLARCITY,-39000.0,22378693.39,COP
323,2025-05-11 00:00:00,COMPRA EN  SUPERMERCA,-31659.0,22347034.39,COP
324,2025-05-11 00:00:00,COMPRA EN  FONDANT CA,-180700.0,22166334.39,COP
325,2025-05-12 00:00:00,ABONO INTERESES AHORROS,60.72,22166395.11,COP
326,2025-05-13 00:00:00,ABONO INTERESES AHORROS,30.09,22166425.2,COP
327,2025-05-13 00:00:00,RETIRO CAJERO  ATM PLAZA DEL B,-200000.0,21966425.2,COP
328,2025-05-14 00:00:00,ABONO INTERESES AHORROS,29.99,21966455.19,COP
329,2025-05-14 00:00:00,COMPRA EN  SUPERMERCA,-70511.0,21895944.19,COP
330,2025-05-15 00:00:00,PAGO DE NOMI UNIV DE IBAGUE,3737460.0,25633404.19,COP
331,2025-05-15 00:00:00,TRANSFERENCIA CTA SUC VIRTUAL,75000.0,25708404.19,COP
332,2025-05-16 00:00:00,ABONO INTERESES AHORROS,70.42,25708474.61,COP
333,2025-05-17 00:00:00,COMPRA EN  HELADERIA,-21800.0,25241163.7,COP
334,2025-05-17 00:00:00,COMPRA EN  TIENDA D1,-38900.0,25262963.7,COP
335,2025-05-17 00:00:00,ABONO INTERESES AHORROS,34.09,25708508.7,COP
336,2025-05-17 00:00:00,COMPRA EN  FUENTE DE,-48000.0,25660508.7,COP
337,2025-05-17 00:00:00,PAGO PSE Fondo Rotatorio del,-227340.0,25013823.7,COP
338,2025-05-17 00:00:00,TRANSFERENCIA CTA SUC VIRTUAL,-123130.0,24890693.7,COP
339,2025-05-17 00:00:00,COMPRA EN  EXITO WOW,-278255.0,25301863.7,COP
340,2025-05-17 00:00:00,COMPRA EN  JHON PEZ F,-80390.0,25580118.7,COP
341,2025-05-18 00:00:00,RETIRO CAJERO  ATM PLAZA DEL B,-1000000.0,23403502.45,COP
342,2025-05-18 00:00:00,RETIRO CAJERO  ATM PLAZA DEL B,-100000.0,23303502.45,COP
343,2025-05-18 00:00:00,ABONO INTERESES AHORROS,31.75,24890725.45,COP
344,2025-05-18 00:00:00,COMPRA EN  SUPERMERCA,-57094.0,24833631.45,COP
345,2025-05-18 00:00:00,COMPRA EN  SUPERMERCA,-230129.0,24603502.45,COP
346,2025-05-18 00:00:00,RETIRO CAJERO  ATM PLAZA DEL B,-200000.0,24403502.45,COP
347,2025-05-18 00:00:00,TRANSFERENCIA CTA SUC VIRTUAL,-123130.0,23180372.45,COP
348,2025-05-19 00:00:00,ABONO INTERESES AHORROS,31.57,23180404.02,COP
349,2025-05-19 00:00:00,PAGO PSE COMUNICACION CELULAR,-130508.0,23049896.02,COP
350,2025-05-20 00:00:00,ABONO INTERESES AHORROS,31.5,23049927.52,COP
351,2025-05-20 00:00:00,COMPRA EN  SUPERMERCA,-51871.0,22998056.52,COP
352,2025-05-21 00:00:00,ABONO INTERESES AHORROS,31.49,22998088.01,COP
353,2025-05-21 00:00:00,TRANSF QR NEQUI LUIS FERNAND,-1000.0,22997088.01,COP
354,2025-05-21 00:00:00,COMPRA EN  UNIVERSIDA,-5300.0,22991788.01,COP
355,2025-05-22 00:00:00,PAGO APP ALCANOS DE COLOMBIA,-62030.0,22929758.01,COP
356,2025-05-23 00:00:00,ABONO INTERESES AHORROS,62.82,22929820.83,COP
357,2025-05-24 00:00:00,ABONO INTERESES AHORROS,30.98,22929851.81,COP
358,2025-05-24 00:00:00,COMPRA EN  SURTIPLAZA,-177850.0,22752001.81,COP
359,2025-05-24 00:00:00,COMPRA EN  FONDANT CA,-34000.0,22718001.81,COP
360,2025-05-24 00:00:00,COMPRA EN  FALABELLA,-99900.0,22618101.81,COP
361,2025-05-25 00:00:00,ABONO INTERESES AHORROS,30.84,22618132.65,COP
362,2025-05-25 00:00:00,COMPRA EN  SUPERMERCA,-44316.0,22573816.65,COP
363,2025-05-25 00:00:00,COMPRA EN  SONATA CAF,-57750.0,22516066.65,COP
364,2025-05-26 00:00:00,ABONO INTERESES AHORROS,28.53,22516095.18,COP
365,2025-05-26 00:00:00,PAGO PSE Fondo Rotatorio del,-1684000.0,20832095.18,COP
366,2025-05-27 00:00:00,RETIRO CAJERO  UNIVERSIDAD IBA,-100000.0,20732095.18,COP
367,2025-05-29 00:00:00,ABONO INTERESES AHORROS,85.2,20732180.38,COP
368,2025-05-30 00:00:00,ABONO INTERESES AHORROS,32.72,25091857.1,COP
369,2025-05-30 00:00:00,RETIRO CAJERO  ATM PLAZA DEL B,-1200000.0,23891857.1,COP
370,2025-05-30 00:00:00,PAGO DE NOMI UNIV DE IBAGUE,4359644.0,25091824.38,COP
371,2025-05-31 00:00:00,ABONO INTERESES AHORROS,32.41,23891889.51,COP
372,2025-05-31 00:00:00,COMPRA EN  SURTIPLAZA,-84968.0,23806921.51,COP
373,2025-05-31 00:00:00,TRANSFERENCIA CTA SUC VIRTUAL,-143800.0,23663121.51,COP
374,2025-06-01 00:00:00,ABONO INTERESES AHORROS,32.05,23663153.56,COP
375,2025-06-01 00:00:00,COMPRA EN  METRO IBAG,-103076.0,23560077.56,COP
376,2025-06-01 00:00:00,COMPRA EN  FONDANT CA,-117000.0,23443077.56,COP
377,2025-06-01 00:00:00,COMPRA EN  TIENDA D1,-40870.0,23402207.56,COP
378,2025-06-02 00:00:00,ABONO INTERESES AHORROS,31.47,23402239.03,COP
379,2025-06-02 00:00:00,COMPRA EN  HOMECENTER,-363400.0,23038839.03,COP
380,2025-06-02 00:00:00,COMPRA EN  SUPERMERCA,-65590.0,22973249.03,COP
381,2025-06-03 00:00:00,COMPRA EN  SUPERMERCA,-32337.0,22940943.21,COP
382,2025-06-03 00:00:00,ABONO INTERESES AHORROS,31.18,22973280.21,COP
383,2025-06-03 00:00:00,PAGO AUTOM TC MASTER PESOS,-35200.0,22761943.21,COP
384,2025-06-03 00:00:00,TRANSFERENCIA CTA SUC VIRTUAL,-143800.0,22797143.21,COP
385,2025-06-04 00:00:00,ABONO INTERESES AHORROS,31.04,22761974.25,COP
386,2025-06-04 00:00:00,COMPRA EN  JHON PEZ F,-96890.0,22665084.25,COP
387,2025-06-05 00:00:00,ABONO INTERESES AHORROS,31.03,22665115.28,COP
388,2025-06-05 00:00:00,COMPRA EN  SUPERMERCA,-10500.0,22654615.28,COP
389,2025-06-06 00:00:00,ABONO INTERESES AHORROS,29.69,22654644.97,COP
390,2025-06-06 00:00:00,COMPRA EN  CFSM ARMEN,-280000.0,22374644.97,COP
391,2025-06-06 00:00:00,TRANSFERENCIA CTA SUC VIRTUAL,-700000.0,21674644.97,COP
392,2025-06-07 00:00:00,PAGO QR Cafe la floresta,-108000.0,21566674.41,COP
393,2025-06-07 00:00:00,COMPRA EN  BOLD*Bodeg,-70000.0,21496674.41,COP
394,2025-06-07 00:00:00,ABONO INTERESES AHORROS,29.44,21674674.41,COP
395,2025-06-08 00:00:00,ABONO INTERESES AHORROS,29.34,21496703.75,COP
396,2025-06-08 00:00:00,COMPRA EN  SERNA GIRA,-74800.0,21421903.75,COP
397,2025-06-09 00:00:00,COMPRA EN  SUPERMERCA,-91201.0,21330702.75,COP
398,2025-06-09 00:00:00,RETIRO CAJERO  UNIVERSIDAD IBA,-100000.0,21230702.75,COP
399,2025-06-12 00:00:00,ABONO INTERESES AHORROS,116.32,21230819.07,COP
400,2025-06-13 00:00:00,PAGO DE NOMI UNIV DE IBAGUE,15280011.0,36510830.07,COP
401,2025-06-13 00:00:00,ABONO INTERESES AHORROS,45.87,36510875.94,COP
402,2025-06-13 00:00:00,TRANSF QR NEQUI ANGEL CALDER,-4000.0,36506875.94,COP
403,2025-06-13 00:00:00,RETIRO CAJERO,-2000000.0,34506875.94,COP
404,2025-06-13 00:00:00,TRANSFERENCIA CTA SUC VIRTUAL,-507800.0,33999075.94,COP
405,2025-06-13 00:00:00,TRANSFERENCIA CTA SUC VIRTUAL,-507800.0,33491275.94,COP
406,2025-06-14 00:00:00,COMPRA EN  MR GRILL L,-67400.0,32894019.65,COP
407,2025-06-14 00:00:00,COMPRA EN  FALABELLA,-238990.0,32215439.65,COP
408,2025-06-14 00:00:00,COMISION TRASLADO OTROS BANCOS,-7300.0,31905976.64,COP
409,2025-06-14 00:00:00,ABONO INTERESES AHORROS,43.71,33491319.65,COP
410,2025-06-14 00:00:00,COMPRA EN  HOMECENTER,-129900.0,33361419.65,COP
411,2025-06-14 00:00:00,COMPRA EN  SURTIPLAZA,-119600.0,32454429.65,COP
412,2025-06-14 00:00:00,COMPRA EN  FALABELLA,-319990.0,32574029.65,COP
413,2025-06-14 00:00:00,COMPRA EN  TOSTAO CAF,-35000.0,32180439.65,COP
414,2025-06-14 00:00:00,IVA COMIS TRASLADO OTROS BCOS,-1387.0,31904589.64,COP
415,2025-06-14 00:00:00,COMPRA EN  COLCH Y ES,-400000.0,32961419.65,COP
416,2025-06-14 00:00:00,AJUSTE INTERES AHORROS DB,-0.01,31913276.64,COP
417,2025-06-14 00:00:00,TRASLADO VIRTUAL OTROS BANCOS,-267163.0,31913276.65,COP
418,2025-06-15 00:00:00,ABONO INTERESES AHORROS,43.19,31904632.83,COP
419,2025-06-15 00:00:00,COMPRA EN  SUPERMERCA,-90660.0,31813972.83,COP
420,2025-06-15 00:00:00,COMPRA EN  METRO IBAG,-282707.0,31531265.83,COP
421,2025-06-16 00:00:00,ABONO INTERESES AHORROS,42.7,31531308.53,COP
422,2025-06-16 00:00:00,COMPRA EN  SUPERMERCA,-42190.0,31489118.53,COP
423,2025-06-16 00:00:00,COMPRA EN  DECATHLON,-165000.0,31324118.53,COP
424,2025-06-16 00:00:00,COMPRA EN  ANDRES PAR,-149000.0,31175118.53,COP
425,2025-06-17 00:00:00,ABONO INTERESES AHORROS,42.41,31175160.94,COP
426,2025-06-17 00:00:00,COMPRA EN  SUPERMERCA,-88612.0,31086548.94,COP
427,2025-06-17 00:00:00,COMPRA EN  DROGUERIA,-124000.0,30962548.94,COP
428,2025-06-18 00:00:00,ABONO INTERESES AHORROS,42.17,30962591.11,COP
429,2025-06-18 00:00:00,PAGO PSE COMUNICACION CELULAR,-175847.0,30786744.11,COP
430,2025-06-19 00:00:00,ABONO INTERESES AHORROS,42.06,30786786.17,COP
431,2025-06-19 00:00:00,COMPRA EN  SUPERMERCA,-77140.0,30709646.17,COP
432,2025-06-20 00:00:00,ABONO INTERESES AHORROS,42.02,30709688.19,COP
433,2025-06-20 00:00:00,PAGO PSE COMUNICACION CELULAR,-32000.0,30677688.19,COP
434,2025-06-21 00:00:00,ABONO INTERESES AHORROS,41.44,30677729.63,COP
435,2025-06-21 00:00:00,COMPRA EN  JUAN VALDE,-73900.0,30257167.63,COP
436,2025-06-21 00:00:00,COMPRA EN  SUPERMERCA,-88031.0,30589698.63,COP
437,2025-06-21 00:00:00,COMPRA EN  SURTIPLAZA,-129031.0,30331067.63,COP
438,2025-06-21 00:00:00,COMPRA EN  COSTA NOVA,-129600.0,30460098.63,COP
439,2025-06-22 00:00:00,ABONO INTERESES AHORROS,41.4,30257209.03,COP
440,2025-06-22 00:00:00,PAGO PSE COMUNICACION CELULAR,-32000.0,30225209.03,COP
441,2025-06-23 00:00:00,ABONO INTERESES AHORROS,41.19,30225250.22,COP
442,2025-06-23 00:00:00,PAGO SUC VIRT TC MASTER PESOS,-54100.0,30171150.22,COP
443,2025-06-23 00:00:00,COMPRA EN  SUPERMERCA,-95972.0,30075178.22,COP
444,2025-06-24 00:00:00,ABONO INTERESES AHORROS,40.88,30075219.1,COP
445,2025-06-24 00:00:00,COMPRA EN  TIENDA D1,-145970.0,29929249.1,COP
446,2025-06-24 00:00:00,COMPRA EN  SONATA CAF,-86625.0,29842624.1,COP
447,2025-06-25 00:00:00,ABONO INTERESES AHORROS,40.79,29842664.89,COP
448,2025-06-25 00:00:00,PAGO APP ALCANOS DE COLOMBIA,-62440.0,29780224.89,COP
449,2025-06-26 00:00:00,ABONO INTERESES AHORROS,40.11,29780265.0,COP
450,2025-06-26 00:00:00,COMPRA EN  PLANETA SP,-215000.0,29565265.0,COP
451,2025-06-26 00:00:00,COMPRA EN  SUPERTIEND,-279700.0,29285565.0,COP
452,2025-06-27 00:00:00,COMISION TRASLADO OTROS BANCOS,-7300.0,30616876.88,COP
453,2025-06-27 00:00:00,IVA COMIS TRASLADO OTROS BCOS,-1387.0,30615489.88,COP
454,2025-06-27 00:00:00,PAGO DE NOMI UNIV DE IBAGUE,3824460.0,33110025.0,COP
455,2025-06-27 00:00:00,ABONO INTERESES AHORROS,41.95,33110066.95,COP
456,2025-06-27 00:00:00,PAGO SUC VIRT TC MASTER PESOS,-18900.0,33091166.95,COP
457,2025-06-27 00:00:00,PAGO SUC VIRT TC MASTER DOLAR,-464930.05,32626236.9,COP
458,2025-06-27 00:00:00,COMPRA EN  TIENDA D1,-41900.0,32584336.9,COP
459,2025-06-27 00:00:00,RETIRO CAJERO  ATM PLAZA DEL B,-1200000.0,31384336.9,COP
460,2025-06-27 00:00:00,TRASLADO VIRTUAL OTROS BANCOS,-634160.0,30750176.9,COP
461,2025-06-27 00:00:00,TRANSFERENCIA CTA SUC VIRTUAL,-126000.0,30624176.9,COP
462,2025-06-27 00:00:00,AJUSTE INTERES AHORROS DB,-0.02,30624176.88,COP
463,2025-06-28 00:00:00,COMPRA EN  SUPERMERCA,-91406.0,30308525.39,COP
464,2025-06-28 00:00:00,ABONO INTERESES AHORROS,41.51,30615531.39,COP
465,2025-06-28 00:00:00,TRANSFERENCIA A NEQUI,-215600.0,30399931.39,COP
466,2025-06-29 00:00:00,ABONO INTERESES AHORROS,40.94,30308566.33,COP
467,2025-06-29 00:00:00,COMPRA EN  SUPERMERCA,-105690.0,30202876.33,COP
468,2025-06-29 00:00:00,COMPRA EN  DROGUERIA,-15600.0,30187276.33,COP
469,2025-06-29 00:00:00,RETIRO CAJERO  ATM PLAZA DEL B,-300000.0,29887276.33,COP
470,2025-06-30 00:00:00,COMPRA EN  METRO IBAG,-99231.0,29755186.09,COP
471,2025-06-30 00:00:00,ABONO INTERESES AHORROS,40.76,29887317.09,COP
472,2025-06-30 00:00:00,COMPRA EN  DROGUERIA,-32900.0,29854417.09,COP
473,2025-07-01 00:00:00,ABONO INTERESES AHORROS,40.68,29755226.77,COP
474,2025-07-01 00:00:00,COMPRA EN  SUPERMERCA,-56427.0,29698799.77,COP
475,2025-07-02 00:00:00,SALDO A FAVOR TARJETA CREDITO,1383.68,29700183.45,COP
476,2025-07-02 00:00:00,COMPRA EN  SUPERMERCA,-69802.0,29630381.45,COP
477,2025-07-02 00:00:00,COMPRA EN  BOLD*NONNA,-121000.0,29509381.45,COP
478,2025-07-03 00:00:00,ABONO INTERESES AHORROS,80.84,29509462.29,COP
479,2025-07-04 00:00:00,ABONO INTERESES AHORROS,40.41,29509502.7,COP
480,2025-07-04 00:00:00,TRANSFERENCIA A NEQUI,-10000.0,29499502.7,COP
481,2025-07-05 00:00:00,ABONO INTERESES AHORROS,40.06,29499542.76,COP
482,2025-07-05 00:00:00,COMPRA EN  HELADERIA,-49100.0,29450442.76,COP
483,2025-07-05 00:00:00,COMPRA EN  SURTIPLAZA,-204937.0,29245505.76,COP
484,2025-07-06 00:00:00,COMPRA EN  RESTAURANT,-194150.0,29051355.76,COP
485,2025-07-06 00:00:00,COMPRA EN  FUENTE DE,-40800.0,29010555.76,COP
486,2025-07-07 00:00:00,ABONO INTERESES AHORROS,79.48,29010635.24,COP
487,2025-07-08 00:00:00,ABONO INTERESES AHORROS,39.7,29010674.94,COP
488,2025-07-08 00:00:00,COMPRA EN  SUPERMERCA,-25200.0,28985474.94,COP
489,2025-07-09 00:00:00,RETIRO CAJERO  ATM PLAZA DEL B,-500000.0,28485474.94,COP
490,2025-07-10 00:00:00,ABONO INTERESES AHORROS,78.04,28485552.98,COP
491,2025-07-11 00:00:00,ABONO INTERESES AHORROS,38.68,28485591.66,COP
492,2025-07-11 00:00:00,COMPRA EN  MOOLE 10 I,-199990.0,28285601.66,COP
493,2025-07-11 00:00:00,COMPRA EN  CEREZA CAF,-44000.0,28241601.66,COP
494,2025-07-12 00:00:00,ABONO INTERESES AHORROS,38.2,28241639.86,COP
495,2025-07-12 00:00:00,COMPRA EN  MULTIPLEX,-64400.0,28177239.86,COP
496,2025-07-12 00:00:00,COMPRA EN  JV IBAGUE,-60900.0,28116339.86,COP
497,2025-07-12 00:00:00,COMPRA EN  DON PEDRO,-128900.0,27987439.86,COP
498,2025-07-12 00:00:00,COMPRA EN  KIOSKOS IB,-99600.0,27887839.86,COP
499,2025-07-13 00:00:00,ABONO INTERESES AHORROS,37.84,27887877.7,COP
500,2025-07-13 00:00:00,COMPRA EN  SURTIPLAZA,-124563.0,27763314.7,COP
501,2025-07-13 00:00:00,COMPRA EN  SUPERMERCA,-56612.0,27673102.7,COP
502,2025-07-13 00:00:00,COMPRA EN  FUENTE DE,-48900.0,27624202.7,COP
503,2025-07-13 00:00:00,COMPRA EN  IBAGUE 5 C,-33600.0,27729714.7,COP
504,2025-07-14 00:00:00,PAGO DE NOMI UNIV DE IBAGUE,3706460.0,31330662.7,COP
505,2025-07-14 00:00:00,ABONO INTERESES AHORROS,41.27,31330703.97,COP
506,2025-07-14 00:00:00,COMPRA EN  SUPERMERCA,-200529.0,31130174.97,COP
507,2025-07-14 00:00:00,RETIRO CAJERO  ATM PLAZA DEL B,-1000000.0,30130174.97,COP
508,2025-07-15 00:00:00,ABONO INTERESES AHORROS,40.77,30130215.74,COP
509,2025-07-15 00:00:00,COMPRA EN  SUPERMERCA,-142867.0,29987348.74,COP
510,2025-07-15 00:00:00,COMPRA EN  TIENDA D1,-102300.0,29885048.74,COP
511,2025-07-15 00:00:00,TRANSFERENCIA CTA SUC VIRTUAL,-122190.0,29762858.74,COP
512,2025-07-16 00:00:00,PAGO PSE COMUNICACION CELULAR,-171501.0,29559398.23,COP
513,2025-07-16 00:00:00,ABONO INTERESES AHORROS,40.49,29762899.23,COP
514,2025-07-16 00:00:00,PAGO PSE COMUNICACION CELULAR,-32000.0,29730899.23,COP
515,2025-07-17 00:00:00,COMPRA EN  JHON PEZ F,-91710.0,29467688.23,COP
516,2025-07-18 00:00:00,ABONO INTERESES AHORROS,80.72,29467768.95,COP
517,2025-07-19 00:00:00,ABONO INTERESES AHORROS,39.32,29467808.27,COP
518,2025-07-19 00:00:00,COMPRA EN  SUPERMERCA,-89414.0,29378394.27,COP
519,2025-07-19 00:00:00,COMPRA EN  FUENTE DE,-28800.0,29349594.27,COP
520,2025-07-19 00:00:00,COMPRA EN  TOSTAO CAF,-41000.0,29308594.27,COP
521,2025-07-19 00:00:00,RETIRO CAJERO,-600000.0,28708594.27,COP
522,2025-07-20 00:00:00,ABONO INTERESES AHORROS,39.12,28708633.39,COP
523,2025-07-20 00:00:00,COMPRA EN  JUAN VALDE,-37500.0,28671133.39,COP
524,2025-07-20 00:00:00,COMPRA EN  BOLD*mr al,-108000.0,28563133.39,COP
525,2025-07-21 00:00:00,PAGO INTERBANC UNAL DE COLOMBI,701771.0,29264904.39,COP
526,2025-07-21 00:00:00,COMPRA EN  BOLD*Casad,-32400.0,29232504.39,COP
527,2025-07-23 00:00:00,ABONO INTERESES AHORROS,120.12,29232624.51,COP
528,2025-07-24 00:00:00,ABONO INTERESES AHORROS,39.76,29232664.27,COP
529,2025-07-24 00:00:00,PAGO IBAL S.A. ESP,-54500.0,29178164.27,COP
530,2025-07-24 00:00:00,PAGO SUC VIRT TC MASTER PESOS,-35200.0,29142964.27,COP
531,2025-07-24 00:00:00,COMPRA EN  SUPERMERCA,-42800.0,29100164.27,COP
532,2025-07-24 00:00:00,PAGO APP ALCANOS DE COLOMBIA,-68160.0,29032004.27,COP
533,2025-07-25 00:00:00,TRANSFERENCIA DESDE NEQUI,39158.0,29071162.27,COP
534,2025-07-25 00:00:00,ABONO INTERESES AHORROS,39.54,29071201.81,COP
535,2025-07-25 00:00:00,RETIRO CAJERO  ATM PLAZA DEL B,-200000.0,28871201.81,COP
536,2025-07-26 00:00:00,TRANSFERENCIA DESDE NEQUI,360440.0,29231641.81,COP
537,2025-07-26 00:00:00,ABONO INTERESES AHORROS,39.07,29231680.88,COP
538,2025-07-26 00:00:00,COMPRA EN  TIENDA D1,-41900.0,29189780.88,COP
539,2025-07-26 00:00:00,COMPRA EN  GRUPO BLEN,-35000.0,29154780.88,COP
540,2025-07-26 00:00:00,PAGO PSE COMUNICACION CELULAR,-32000.0,29122780.88,COP
541,2025-07-26 00:00:00,RETIRO CAJERO  ATM PLAZA DEL B,-200000.0,28922780.88,COP
542,2025-07-26 00:00:00,RETIRO CAJERO  ATM PLAZA DEL B,-400000.0,28522780.88,COP
543,2025-07-27 00:00:00,PAGO SUC VIRT TC MASTER PESOS,-18900.0,28503919.57,COP
544,2025-07-27 00:00:00,ABONO INTERESES AHORROS,38.69,28522819.57,COP
545,2025-07-27 00:00:00,COMPRA EN  BOLD*Le Cr,-74250.0,28244669.57,COP
546,2025-07-27 00:00:00,PAGO QR Debajo del sombrero,-185000.0,28318919.57,COP
547,2025-07-28 00:00:00,ABONO INTERESES AHORROS,38.57,28244708.14,COP
548,2025-07-28 00:00:00,COMPRA EN  SURTIPLAZA,-85650.0,28159058.14,COP
549,2025-07-29 00:00:00,ABONO INTERESES AHORROS,38.46,28159096.6,COP
550,2025-07-29 00:00:00,COMPRA EN  FUENTE DE,-42800.0,28116296.6,COP
551,2025-07-29 00:00:00,COMPRA EN  KIOTO,-39946.0,28076350.6,COP
552,2025-07-30 00:00:00,RETIRO CORRESPONSAL CBR,-100000.0,27976388.92,COP
553,2025-07-30 00:00:00,ABONO INTERESES AHORROS,38.32,28076388.92,COP
554,2025-07-31 00:00:00,PAGO DE NOMI UNIV DE IBAGUE,3624860.0,31601248.92,COP
555,2025-07-31 00:00:00,ABONO INTERESES AHORROS,41.75,31601290.67,COP
556,2025-07-31 00:00:00,RETIRO CAJERO  UNIVERSIDAD IBA,-1000000.0,30601290.67,COP
557,2025-07-31 00:00:00,TRANSFERENCIA CTA SUC VIRTUAL,-120000.0,30481290.67,COP
558,2025-08-01 00:00:00,COMPRA EN  SUPERMERCA,-122098.0,30359234.25,COP
559,2025-08-01 00:00:00,ABONO INTERESES AHORROS,41.58,30481332.25,COP
560,2025-08-02 00:00:00,COMPRA EN  BOLD*MIS C,-64800.0,30196359.61,COP
561,2025-08-02 00:00:00,COMPRA EN  METRO IBAG,-68316.0,30261159.61,COP
562,2025-08-02 00:00:00,ABONO INTERESES AHORROS,41.36,30359275.61,COP
563,2025-08-02 00:00:00,COMPRA EN  JUAN VALDE,-29800.0,30329475.61,COP
564,2025-08-03 00:00:00,ABONO INTERESES AHORROS,40.92,30196400.53,COP
565,2025-08-03 00:00:00,COMPRA EN  FINCA AGRO,-324500.0,29871900.53,COP
566,2025-08-04 00:00:00,RETIRO CAJERO  UNIVERSIDAD IBA,-300000.0,29432124.84,COP
567,2025-08-04 00:00:00,ABONO INTERESES AHORROS,40.31,29871940.84,COP
568,2025-08-04 00:00:00,COMPRA EN  SUPERTIEND,-41700.0,29830240.84,COP
569,2025-08-04 00:00:00,COMPRA EN  SUPERMERCA,-42216.0,29788024.84,COP
570,2025-08-04 00:00:00,COMPRA EN  RICOTTA TR,-55900.0,29732124.84,COP
571,2025-08-05 00:00:00,COMPRA EN  SUPERMERCA,-36416.0,29593599.83,COP
572,2025-08-05 00:00:00,TRANSFERENCIA DESDE NEQUI,197851.0,29629975.84,COP
573,2025-08-05 00:00:00,ABONO INTERESES AHORROS,39.99,29630015.83,COP
574,2025-08-05 00:00:00,PAGO PSE COMUNICACION CELULAR,-133296.0,29393513.83,COP
575,2025-08-05 00:00:00,RETIRO CAJERO  UNIVERSIDAD IBA,-200000.0,29193513.83,COP
576,2025-08-05 00:00:00,COMPRA EN  TIENDA D1,-66790.0,29526809.83,COP
577,2025-08-06 00:00:00,ABONO INTERESES AHORROS,39.38,29193553.21,COP
578,2025-08-06 00:00:00,COMPRA EN  SURTIPLAZA,-42200.0,29151353.21,COP
579,2025-08-06 00:00:00,COMPRA EN  BBC ACQUA,-102435.0,29048918.21,COP
580,2025-08-06 00:00:00,RETIRO CAJERO  ATM PLAZA DEL B,-300000.0,28748918.21,COP
581,2025-08-07 00:00:00,ABONO INTERESES AHORROS,38.31,28944860.52,COP
582,2025-08-07 00:00:00,COMPRA EN  BCS MULTIC,-319900.0,28553160.52,COP
583,2025-08-07 00:00:00,COMPRA EN  HOMIES BUR,-71800.0,28873060.52,COP
584,2025-08-07 00:00:00,COMPRA EN  EXITO WOW,-284860.0,28268300.52,COP
585,2025-08-07 00:00:00,TRANSFERENCIA CTA SUC VIRTUAL,195904.0,28944822.21,COP
586,2025-08-07 00:00:00,RETIRO CAJERO  CAJERO AUTO C.C,-300000.0,27968300.52,COP
587,2025-08-08 00:00:00,COMPRA EN  SUPERMERCA,-31450.0,27766987.74,COP
588,2025-08-08 00:00:00,ABONO INTERESES AHORROS,37.22,27968337.74,COP
589,2025-08-08 00:00:00,COMPRA EN  ARTURO CAL,-169900.0,27798437.74,COP
590,2025-08-08 00:00:00,COMPRA EN  SUPERTIEND,-236408.0,27172979.74,COP
591,2025-08-08 00:00:00,COMPRA EN  PLANETA SP,-296000.0,27470987.74,COP
592,2025-08-08 00:00:00,COMPRA EN  JV IBAGUE,-61600.0,27409387.74,COP
593,2025-08-09 00:00:00,ABONO INTERESES AHORROS,36.8,27173016.54,COP
594,2025-08-09 00:00:00,COMPRA EN  SUPERMERCA,-305012.0,26868004.54,COP
595,2025-08-10 00:00:00,ABONO INTERESES AHORROS,36.61,26868041.15,COP
596,2025-08-10 00:00:00,COMPRA EN  BOLD*EL SO,-142700.0,26725341.15,COP
597,2025-08-11 00:00:00,ABONO INTERESES AHORROS,35.13,26725376.28,COP
598,2025-08-11 00:00:00,COMPRA EN  FALABELLA,-679870.0,26045506.28,COP
599,2025-08-11 00:00:00,COMPRA EN  RICOTTA TR,-55900.0,25989606.28,COP
600,2025-08-11 00:00:00,PAGO PSE Mercadopago Colombia,-340000.0,25649606.28,COP
601,2025-08-12 00:00:00,ABONO INTERESES AHORROS,33.79,25649640.07,COP
602,2025-08-12 00:00:00,COMPRA EN  KIOTO,-239355.0,25410285.07,COP
603,2025-08-12 00:00:00,COMPRA EN  FALABELLA,-739970.0,24670315.07,COP
604,2025-08-13 00:00:00,COMPRA EN  SUPERMERCA,-107700.0,24562647.34,COP
605,2025-08-13 00:00:00,RETIRO CAJERO  ATM PLAZA DEL B,-1000000.0,23562647.34,COP
606,2025-08-13 00:00:00,ABONO INTERESES AHORROS,32.27,24670347.34,COP
607,2025-08-14 00:00:00,PAGO DE NOMI UNIV DE IBAGUE,3706460.0,27269107.34,COP
608,2025-08-14 00:00:00,ABONO INTERESES AHORROS,37.13,27269144.47,COP
609,2025-08-14 00:00:00,COMPRA EN  JUAN VALDE,-78900.0,27190244.47,COP
610,2025-08-14 00:00:00,TRANSFERENCIA CTA SUC VIRTUAL,-80000.0,27110244.47,COP
611,2025-08-15 00:00:00,ABONO INTERESES AHORROS,35.8,27110280.27,COP
612,2025-08-15 00:00:00,COMPRA EN  FARMATODO,-655615.0,26454665.27,COP
613,2025-08-15 00:00:00,COMPRA EN  SONATA CAF,-148500.0,26306165.27,COP
614,2025-08-15 00:00:00,COMPRA EN  SUPERMERCA,-25400.0,26280765.27,COP
615,2025-08-15 00:00:00,COMPRA EN  DROGUERIA,-141200.0,26139565.27,COP
616,2025-08-16 00:00:00,ABONO INTERESES AHORROS,35.67,26139600.94,COP
617,2025-08-16 00:00:00,COMPRA EN  JUMBO ATLA,-99852.0,26039748.94,COP
618,2025-08-17 00:00:00,COMPRA EN  JUMBO ATLA,-197467.0,25842281.94,COP
619,2025-08-18 00:00:00,ABONO INTERESES AHORROS,70.8,25842352.74,COP
620,2025-08-19 00:00:00,COMPRA EN  PAP JOHNS,-57800.0,25784552.74,COP
621,2025-08-22 00:00:00,ABONO INTERESES AHORROS,141.28,25784694.02,COP
622,2025-08-23 00:00:00,ABONO INTERESES AHORROS,35.03,25784729.05,COP
623,2025-08-23 00:00:00,COMPRA EN  SUPERMERCA,-172473.0,25612256.05,COP
624,2025-08-23 00:00:00,COMPRA EN  SUPERMERCA,-33600.0,25578656.05,COP
625,2025-08-24 00:00:00,PAGO SUC VIRT TC MASTER PESOS,-35200.0,25543456.05,COP
626,2025-08-24 00:00:00,COMPRA EN  SUPERMERCA,-60306.0,25483150.05,COP
627,2025-08-24 00:00:00,COMPRA EN  SUPERTIEND,-161056.0,25322094.05,COP
628,2025-08-25 00:00:00,ABONO INTERESES AHORROS,69.36,25322163.41,COP
629,2025-08-26 00:00:00,PAGO PSE COMUNICACION CELULAR,-32000.0,25290163.41,COP
630,2025-08-26 00:00:00,RETIRO CAJERO,-200000.0,25090163.41,COP
631,2025-08-28 00:00:00,ABONO INTERESES AHORROS,103.11,25090266.52,COP
632,2025-08-29 00:00:00,PAGO DE NOMI UNIV DE IBAGUE,3624860.0,28715126.52,COP
633,2025-08-29 00:00:00,ABONO INTERESES AHORROS,39.24,28715165.76,COP
634,2025-08-29 00:00:00,PAGO APP ALCANOS DE COLOMBIA,-69610.0,28645555.76,COP
635,2025-08-30 00:00:00,ABONO INTERESES AHORROS,37.49,28645593.25,COP
636,2025-08-30 00:00:00,COMPRA EN  JUAN VALDE,-42500.0,28603093.25,COP
637,2025-08-30 00:00:00,COMPRA EN  SURTIPLAZA,-155992.0,28447101.25,COP
638,2025-08-30 00:00:00,COMPRA EN  SUPERMERCA,-49503.0,28397598.25,COP
639,2025-08-30 00:00:00,COMPRA EN  FXA SHOP M,-29450.0,28368148.25,COP
640,2025-08-30 00:00:00,RETIRO CAJERO,-1000000.0,27368148.25,COP
641,2025-08-31 00:00:00,ABONO INTERESES AHORROS,37.35,27368185.6,COP
642,2025-08-31 00:00:00,COMPRA EN  METRO IBAG,-69446.0,27298739.6,COP
643,2025-08-31 00:00:00,PAGO PSE COMUNICACION CELULAR,-32000.0,27266739.6,COP
644,2025-09-01 00:00:00,ABONO INTERESES AHORROS,36.41,27266776.01,COP
645,2025-09-01 00:00:00,RETIRO CAJERO  ATM PLAZA DEL B,-500000.0,26699486.01,COP
646,2025-09-01 00:00:00,COMPRA EN  SUPERMERCA,-37090.0,27229686.01,COP
647,2025-09-01 00:00:00,COMPRA EN  TIENDA D1,-30200.0,27199486.01,COP
648,2025-09-01 00:00:00,TRANSFERENCIA CTA SUC VIRTUAL,-120000.0,26579486.01,COP
649,2025-09-02 00:00:00,ABONO INTERESES AHORROS,35.89,26579521.9,COP
650,2025-09-02 00:00:00,PAGO SUC VIRT TC MASTER PESOS,-18900.0,26560621.9,COP
651,2025-09-02 00:00:00,COMPRA EN  SURTIPLAZA,-115282.0,26445339.9,COP
652,2025-09-02 00:00:00,TRASLADO VIRTUAL OTROS BANCOS,-240245.0,26205094.9,COP
653,2025-09-02 00:00:00,AJUSTE INTERES AHORROS DB,-0.01,26205094.89,COP
654,2025-09-02 00:00:00,COMISION TRASLADO OTROS BANCOS,-7300.0,26197794.89,COP
655,2025-09-02 00:00:00,IVA COMIS TRASLADO OTROS BCOS,-1387.0,26196407.89,COP
656,2025-09-03 00:00:00,ABONO INTERESES AHORROS,35.68,26196443.57,COP
657,2025-09-03 00:00:00,TRANSFERENCIA CTA SUC VIRTUAL,-150000.0,26046443.57,COP
658,2025-09-04 00:00:00,ABONO INTERESES AHORROS,35.64,26046479.21,COP
659,2025-09-04 00:00:00,COMPRA EN  SUPERMERCA,-26000.0,26020479.21,COP
660,2025-09-05 00:00:00,ABONO INTERESES AHORROS,35.37,26020514.58,COP
661,2025-09-05 00:00:00,RETIRO CAJERO  UNIVERSIDAD IBA,-200000.0,25820514.58,COP
662,2025-09-06 00:00:00,COMPRA EN  SUPERMERCA,-171197.0,25649317.58,COP
663,2025-09-10 00:00:00,ABONO INTERESES AHORROS,175.65,25649493.23,COP
664,2025-09-11 00:00:00,ABONO INTERESES AHORROS,35.11,25649528.34,COP
665,2025-09-11 00:00:00,COMPRA EN  SUPERMERCA,-17538.0,25631990.34,COP
666,2025-09-12 00:00:00,PAGO DE NOMI UNIV DE IBAGUE,3706460.0,29338450.34,COP
667,2025-09-12 00:00:00,ABONO INTERESES AHORROS,38.78,29338489.12,COP
668,2025-09-12 00:00:00,COMPRA EN  SUPERMERCA,-23400.0,29315089.12,COP
669,2025-09-12 00:00:00,RETIRO CAJERO,-900000.0,28415089.12,COP
670,2025-09-12 00:00:00,RETIRO CAJERO  ATM PLAZA DEL B,-100000.0,28315089.12,COP
671,2025-09-13 00:00:00,COMPRA EN  SURTIPLAZA,-249650.0,27807357.75,COP
672,2025-09-13 00:00:00,ABONO INTERESES AHORROS,37.63,28315126.75,COP
673,2025-09-13 00:00:00,PAGO SUC VIRT TC MASTER PESOS,-207219.0,28107907.75,COP
674,2025-09-13 00:00:00,COMPRA EN  LA MANSION,-50900.0,28057007.75,COP
675,2025-09-13 00:00:00,COMPRA EN  TIENDA D1,-51500.0,27718857.75,COP
676,2025-09-13 00:00:00,TRANSFERENCIA CTA SUC VIRTUAL,-122100.0,27596757.75,COP
677,2025-09-13 00:00:00,TRANSFERENCIA CTA SUC VIRTUAL,-122100.0,27474657.75,COP
678,2025-09-13 00:00:00,COMPRA EN  JV IBAGUE,-37000.0,27770357.75,COP
679,2025-09-14 00:00:00,COMPRA EN  BOLD*Orian,-21700.0,27452957.75,COP
680,2025-09-15 00:00:00,ABONO INTERESES AHORROS,75.2,27453032.95,COP
681,2025-09-16 00:00:00,RETIRO CAJERO  UNIVERSIDAD IBA,-200000.0,27253032.95,COP
682,2025-09-18 00:00:00,ABONO INTERESES AHORROS,111.99,27253144.94,COP
683,2025-09-19 00:00:00,ABONO INTERESES AHORROS,37.01,27253181.95,COP
684,2025-09-19 00:00:00,COMPRA EN  SUPERMERCA,-53872.0,27199309.95,COP
685,2025-09-19 00:00:00,PAGO PSE COMUNICACION CELULAR,-133296.0,27066013.95,COP
686,2025-09-19 00:00:00,PAGO APP ALCANOS DE COLOMBIA,-48280.0,27017733.95,COP
687,2025-09-20 00:00:00,ABONO INTERESES AHORROS,36.91,27017770.86,COP
688,2025-09-20 00:00:00,COMPRA EN  SURTIPLAZA,-70700.0,26947070.86,COP
689,2025-09-21 00:00:00,COMPRA EN  SUPERMERCA,-47985.0,26899085.86,COP
690,2025-09-24 00:00:00,ABONO INTERESES AHORROS,147.36,26899233.22,COP
691,2025-09-25 00:00:00,ABONO INTERESES AHORROS,36.78,26899270.0,COP
692,2025-09-25 00:00:00,COMPRA EN  TIENDA D1,-45500.0,26853770.0,COP
693,2025-09-26 00:00:00,ABONO INTERESES AHORROS,36.65,26853806.65,COP
694,2025-09-26 00:00:00,COMPRA EN  SUPERMERCA,-61632.0,26792174.65,COP
695,2025-09-26 00:00:00,PAGO PSE COMUNICACION CELULAR,-32000.0,26760174.65,COP
696,2025-09-27 00:00:00,ABONO INTERESES AHORROS,36.58,26760211.23,COP
697,2025-09-27 00:00:00,PAGO SUC VIRT TC MASTER PESOS,-18900.0,26741311.23,COP
698,2025-09-27 00:00:00,PAGO SUC VIRT TC MASTER PESOS,-35200.0,26706111.23,COP
699,2025-09-28 00:00:00,ABONO INTERESES AHORROS,36.52,26706147.75,COP
700,2025-09-28 00:00:00,COMPRA EN  SUPERMERCA,-42522.0,26663625.75,COP
701,2025-09-29 00:00:00,PAGO DE NOMI UNIV DE IBAGUE,3624860.0,30288485.75,COP
702,2025-09-29 00:00:00,ABONO INTERESES AHORROS,41.38,30288527.13,COP
703,2025-09-29 00:00:00,PAGO PSE Validda SAS,-76000.0,30212527.13,COP
704,2025-09-30 00:00:00,RETIRO CAJERO  UNIVERSIDAD IBA,-500000.0,28712565.8,COP
705,2025-09-30 00:00:00,ABONO INTERESES AHORROS,38.67,30212565.8,COP
706,2025-09-30 00:00:00,RETIRO CAJERO  UNIVERSIDAD IBA,-1000000.0,29212565.8,COP
707,2025-09-30 00:00:00,TRANSFERENCIA CTA SUC VIRTUAL,-120000.0,28352320.8,COP
708,2025-09-30 00:00:00,TRASLADO VIRTUAL OTROS BANCOS,-240245.0,28472320.8,COP
709,2025-09-30 00:00:00,TRANSFERENCIA CTA SUC VIRTUAL,-120000.0,28232320.8,COP
710,2025-10-01 05:00:00,IVA COMIS TRASLADO OTROS BCOS,-1387.0,28230933.8,COP
711,2025-10-01 05:00:00,AJUSTE INTERES AHORROS DB,-0.01,28230933.79,COP
712,2025-10-01 05:00:00,PAGO INTERBANC UNIVERSIDAD DEL,376273.0,28607206.79,COP
713,2025-10-01 05:00:00,COMISION TRASLADO OTROS BANCOS,-7300.0,28599906.79,COP
714,2025-10-03 05:00:00,PAGO PSE Wingo Aerorepublica,-2606588.0,25993318.79,COP
715,2025-10-03 05:00:00,ABONO INTERESES AHORROS,78.34,25993397.130000003,COP
716,2025-10-04 05:00:00,COMPRA EN  LEVIS ACQU,-319900.0,25673497.130000003,COP
717,2025-10-04 05:00:00,ABONO INTERESES AHORROS,35.6,25673532.73,COP
718,2025-10-05 05:00:00,ABONO INTERESES AHORROS,35.16,25673567.89,COP
719,2025-10-05 05:00:00,COMPRA EN  TAN BELLO,-88000.0,25585567.89,COP
720,2025-10-05 05:00:00,COMPRA EN  DROGUERIA,-35200.0,25550367.89,COP
721,2025-10-05 05:00:00,PAGO PSE COMUNICACION CELULAR,-32000.0,25518367.89,COP
722,2025-10-09 05:00:00,ABONO INTERESES AHORROS,139.8,25518507.69,COP
723,2025-10-09 05:00:00,TRANSFERENCIA CTA SUC VIRTUAL,-152950.0,25365557.69,COP
724,2025-10-10 05:00:00,PAGO DE NOMI UNIV DE IBAGUE,3706460.0,29072017.69,COP
725,2025-10-10 05:00:00,ABONO INTERESES AHORROS,34.74,29072052.43,COP
726,2025-10-11 05:00:00,COMPRA EN  TJV AEROPU,-14400.0,29057652.43,COP
727,2025-10-11 05:00:00,ABONO INTERESES AHORROS,39.82,29057692.25,COP
728,2025-10-12 05:00:00,ABONO INTERESES AHORROS,39.8,29057732.05,COP
729,2025-10-12 05:00:00,COMPRA EN  JUAN VALDE,-34800.0,29022932.05,COP
730,2025-10-12 05:00:00,COMPRA EN  SUPERMERCA,-34901.0,28988031.05,COP
731,2025-10-13 05:00:00,TRANSFERENCIA CTA SUC VIRTUAL,-122100.0,28865931.05,COP
732,2025-10-13 05:00:00,ABONO INTERESES AHORROS,39.7,28865970.75,COP
733,2025-10-13 05:00:00,TRANSFERENCIA CTA SUC VIRTUAL,-122100.0,28743870.75,COP
734,2025-10-13 05:00:00,COMPRA EN  TIENDA D1,-34140.0,28709730.75,COP
735,2025-10-13 05:00:00,COMPRA EN  SUPERMERCA,-29000.0,28680730.75,COP
736,2025-10-13 05:00:00,RETIRO CAJERO,-2000000.0,26680730.75,COP
737,2025-10-14 05:00:00,TRANSFERENCIA CTA SUC VIRTUAL,-4281.0,26676449.75,COP
738,2025-10-14 05:00:00,PAGO PSE MOVII SA,-200000.0,26476449.75,COP
739,2025-10-14 05:00:00,ABONO INTERESES AHORROS,36.54,26476486.29,COP
740,2025-10-16 05:00:00,COMPRA EN  SUPERMERCA,-82330.0,26394156.29,COP
741,2025-10-16 05:00:00,ABONO INTERESES AHORROS,72.52,26394228.810000002,COP
742,2025-10-18 05:00:00,COMPRA EN  FUENTE DE,-56200.0,26338028.810000002,COP
743,2025-10-18 05:00:00,COMPRA EN  HOMECENTER,-295900.0,26042128.810000002,COP
744,2025-10-18 05:00:00,COMPRA EN  EXITO WOW,-159940.0,25882188.810000002,COP
745,2025-10-18 05:00:00,ABONO INTERESES AHORROS,72.3,25882261.11,COP
746,2025-10-19 05:00:00,COMPRA EN  SUPERMERCA,-150964.0,25731297.11,COP
747,2025-10-19 05:00:00,ABONO INTERESES AHORROS,35.45,25731332.560000002,COP
748,2025-10-20 05:00:00,ABONO INTERESES AHORROS,35.24,25731367.8,COP
749,2025-10-20 05:00:00,COMPRA EN  TIENDA D1,-18290.0,25713077.8,COP
750,2025-10-21 05:00:00,PAGO SUC VIRT TC MASTER PESOS,-124200.0,25588877.8,COP
751,2025-10-21 05:00:00,ABONO INTERESES AHORROS,35.22,25588913.020000003,COP
752,2025-10-21 05:00:00,PAGO SUC VIRT TC MASTER DOLAR,-663011.46,24925901.560000002,COP
753,2025-10-22 05:00:00,ABONO INTERESES AHORROS,34.14,24925935.700000003,COP
754,2025-10-22 05:00:00,COMPRA EN  JUAN VALDE,-39900.0,24886035.700000003,COP
755,2025-10-22 05:00:00,RETIRO CAJERO,-500000.0,24386035.700000003,COP
756,2025-10-23 05:00:00,COMPRA EN  SUPERMERCA,-34603.0,24351432.700000003,COP
757,2025-10-23 05:00:00,ABONO INTERESES AHORROS,33.4,24351466.1,COP
758,2025-10-25 05:00:00,RETIRO CAJERO,-200000.0,24151466.1,COP
759,2025-10-25 05:00:00,ABONO INTERESES AHORROS,66.7,24151532.8,COP
760,2025-10-25 05:00:00,COMPRA EN  SUPERMERCA,-159383.0,23992149.8,COP
761,2025-10-26 05:00:00,COMPRA EN  SUPERMERCA,-41985.0,23950164.8,COP
762,2025-10-26 05:00:00,ABONO INTERESES AHORROS,32.86,23950197.660000004,COP
763,2025-10-27 05:00:00,ABONO INTERESES AHORROS,32.8,23950230.46,COP
764,2025-10-27 05:00:00,PAGO PSE COMUNICACION CELULAR,-133296.0,23816934.46,COP
765,2025-10-27 05:00:00,PAGO PSE COMUNICACION CELULAR,-32000.0,23784934.46,COP
766,2025-10-29 05:00:00,RETIRO CAJERO,-100000.0,23684934.46,COP
767,2025-10-29 05:00:00,ABONO INTERESES AHORROS,65.16,23684999.62,COP
768,2025-10-29 05:00:00,COMPRA EN  UNIVERSIDA,-5300.0,23679699.62,COP
769,2025-10-30 05:00:00,COMPRA EN  SUPERMERCA,-35400.0,23644299.62,COP
770,2025-10-30 05:00:00,PAGO SUC VIRT TC MASTER DOLAR,-194264.5,23450035.12,COP
771,2025-10-30 05:00:00,ABONO INTERESES AHORROS,32.43,23450067.55,COP
772,2025-10-30 05:00:00,RETIRO CAJERO,-1000000.0,22450067.55,COP
773,2025-10-30 05:00:00,PAGO SUC VIRT TC MASTER PESOS,-18900.0,22431167.55,COP
774,2025-10-30 05:00:00,PAGO DE NOMI UNIV DE IBAGUE,3624860.0,26056027.55,COP
775,2025-10-31 05:00:00,TRANSFERENCIA CTA SUC VIRTUAL,-119350.0,25936677.55,COP
776,2025-10-31 05:00:00,COMPRA EN  SUPERMERCA,-59530.0,25877147.55,COP
777,2025-10-31 05:00:00,COMPRA EN  SONATA CAF,-59400.0,25817747.55,COP
778,2025-10-31 05:00:00,TRANSFERENCIA CTA SUC VIRTUAL,-119350.0,25698397.55,COP
779,2025-10-31 05:00:00,ABONO INTERESES AHORROS,35.69,25698433.240000002,COP
780,2025-10-31 05:00:00,TRASLADO VIRTUAL OTROS BANCOS,-241545.0,25456888.240000002,COP
781,2025-10-31 05:00:00,ABONO INTERESES AHORROS,34.87,25456923.110000003,COP
782,2025-11-01 05:00:00,COMISION TRASLADO OTROS BANCOS,-7300.0,25449623.110000003,COP
783,2025-11-01 05:00:00,AJUSTE INTERES AHORROS DB,-0.01,25449623.1,COP
784,2025-11-01 05:00:00,IVA COMIS TRASLADO OTROS BCOS,-1387.0,25448236.1,COP
785,2025-11-01 05:00:00,COMPRA EN  SURTIPLAZA,-159300.0,25288936.1,COP
786,2025-11-02 05:00:00,ABONO INTERESES AHORROS,34.64,25288970.740000002,COP
787,2025-11-02 05:00:00,COMPRA EN  FUENTE DE,-48000.0,25240970.740000002,COP
788,2025-11-02 05:00:00,PAGO PSE COMUNICACION CELULAR,-32000.0,25208970.740000002,COP
789,2025-11-03 05:00:00,ABONO INTERESES AHORROS,34.53,25209005.270000003,COP
790,2025-11-03 05:00:00,PAGO APP CELSIA COLOMBIA TOLI,-94853.0,25114152.270000003,COP
791,2025-11-03 05:00:00,COMPRA EN  SUPERMERCA,-34806.0,25079346.270000003,COP
792,2025-11-03 05:00:00,TRANSFERENCIA CTA SUC VIRTUAL,-80000.0,24999346.270000003,COP
793,2025-11-03 05:00:00,PAGO APP IBAL SA ESP OFICIAL,-39200.0,24960146.270000003,COP
794,2025-11-04 05:00:00,ABONO INTERESES AHORROS,34.19,24960180.46,COP
795,2025-11-04 05:00:00,RETIRO CAJERO,-1000000.0,23960180.46,COP
796,2025-11-04 05:00:00,SALDO A FAVOR TARJETA CREDITO,2090.02,23962270.48,COP
797,2025-11-05 05:00:00,ABONO INTERESES AHORROS,32.82,23962303.3,COP
798,2025-11-05 05:00:00,PAGO PSE Wingo Aerorepublica,-3040482.0,20921821.3,COP
799,2025-11-07 05:00:00,ABONO INTERESES AHORROS,57.32,20921878.62,COP
800,2025-11-07 05:00:00,COMPRA EN  SUPERMERCA,-33523.0,20888355.62,COP
801,2025-11-08 05:00:00,COMPRA EN  FUENTE DE,-28800.0,20859555.62,COP
802,2025-11-08 05:00:00,ABONO INTERESES AHORROS,28.61,20859584.230000004,COP
803,2025-11-13 05:00:00,PAGO QR ELECTROSERVIC,-17000.0,20842584.230000004,COP
804,2025-11-13 05:00:00,ABONO INTERESES AHORROS,142.85,20842727.080000002,COP
805,2025-11-14 05:00:00,RETIRO CAJERO,-1000000.0,19842727.080000002,COP
806,2025-11-14 05:00:00,ABONO INTERESES AHORROS,28.55,19842755.630000003,COP
807,2025-11-14 05:00:00,PAGO DE NOMI UNIV DE IBAGUE,3706460.0,23549215.630000003,COP
808,2025-11-15 05:00:00,COMPRA EN  SUPERMERCA,-27796.0,23521419.630000003,COP
809,2025-11-15 05:00:00,COMPRA EN  FONDANT CA,-41000.0,23480419.630000003,COP
810,2025-11-15 05:00:00,COMPRA EN  FUENTE DE,-38400.0,23442019.630000003,COP
811,2025-11-15 05:00:00,ABONO INTERESES AHORROS,32.25,23442051.880000003,COP
812,2025-11-16 05:00:00,TRANSFERENCIA CTA SUC VIRTUAL,-122100.0,23319951.880000003,COP
813,2025-11-16 05:00:00,ABONO INTERESES AHORROS,32.11,23319983.990000002,COP
814,2025-11-16 05:00:00,TRANSFERENCIA CTA SUC VIRTUAL,-122100.0,23197883.990000002,COP
815,2025-11-18 05:00:00,PAGO PSE MOVII SA,-200000.0,22997883.990000002,COP
816,2025-11-18 05:00:00,RETIRO CAJERO,-20000.0,22977883.990000002,COP
817,2025-11-18 05:00:00,ABONO INTERESES AHORROS,63.54,22977947.53,COP
818,2025-11-19 05:00:00,ABONO INTERESES AHORROS,31.47,22977979.000000004,COP
819,2025-11-19 05:00:00,PAGO PSE COMUNICACION CELULAR,-133296.0,22844683.000000004,COP
820,2025-11-20 05:00:00,COMPRA EN  TIENDA D1,-18450.0,22826233.000000004,COP
821,2025-11-20 05:00:00,ABONO INTERESES AHORROS,31.29,22826264.290000003,COP
822,2025-11-23 05:00:00,COMPRA EN  METRO IBAG,-141540.0,22684724.290000003,COP
823,2025-11-23 05:00:00,ABONO INTERESES AHORROS,93.78,22684818.070000004,COP
824,2025-11-26 05:00:00,COMPRA EN  SURTIPLAZA,-195350.0,22489468.070000004,COP
825,2025-11-26 05:00:00,TRANSF QR JOHAN GUZMAN GUZMAN,-199367.0,22290101.070000004,COP
826,2025-11-26 05:00:00,ABONO INTERESES AHORROS,93.21,22290194.28,COP
827,2025-11-26 05:00:00,RETIRO CAJERO,-100000.0,22190194.28,COP
828,2025-11-27 05:00:00,ABONO INTERESES AHORROS,30.39,22190224.67,COP
829,2025-11-27 05:00:00,TRANSFERENCIA CTA SUC VIRTUAL,-237500.0,21952724.67,COP
830,2025-11-28 05:00:00,TRASLADO VIRTUAL OTROS BANCOS,-250765.0,21701959.67,COP
831,2025-11-28 05:00:00,ABONO INTERESES AHORROS,30.07,21701989.740000002,COP
832,2025-11-28 05:00:00,PAGO DE NOMI UNIV DE IBAGUE,3903060.0,25605049.740000002,COP
833,2025-11-28 05:00:00,RETIRO CAJERO,-1000000.0,24605049.740000002,COP
834,2025-11-29 05:00:00,COMISION TRASLADO OTROS BANCOS,-7300.0,24597749.740000002,COP
835,2025-11-29 05:00:00,ABONO INTERESES AHORROS,33.7,24597783.440000005,COP
836,2025-11-29 05:00:00,PAGO PSE COMUNICACION CELULAR,-32000.0,24565783.440000005,COP
837,2025-11-29 05:00:00,AJUSTE INTERES AHORROS DB,-0.01,24565783.430000003,COP
838,2025-11-29 05:00:00,IVA COMIS TRASLADO OTROS BCOS,-1387.0,24564396.430000003,COP
839,2025-11-29 05:00:00,COMPRA EN  EXITO WOW,-98087.0,24466309.430000003,COP
840,2025-11-30 05:00:00,ABONO INTERESES AHORROS,33.22,24466342.650000002,COP
841,2025-11-30 05:00:00,COMPRA EN  SUPERMERCA,-165580.0,24300762.650000002,COP
842,2025-11-30 05:00:00,ABONO INTERESES AHORROS,33.51,24300796.160000004,COP
843,2025-11-30 05:00:00,COMPRA EN  TIENDA D1,-48350.0,24252446.160000004,COP
844,2025-12-01 05:00:00,PAGO APP ALCANOS DE COLOMBIA,-56760.0,24195686.160000004,COP
845,2025-12-01 05:00:00,PAGO APP CELSIA COLOMBIA TOLI,-101414.0,24094272.160000004,COP
846,2025-12-03 05:00:00,ABONO INTERESES AHORROS,66.0,24094338.160000004,COP
847,2025-12-03 05:00:00,RETIRO CAJERO,-200000.0,23894338.160000004,COP
848,2025-12-03 05:00:00,COMPRA EN  SUPERMERCA,-115800.0,23778538.160000004,COP
849,2025-12-03 05:00:00,PAGO AUTOM TC MASTER PESOS,-35200.0,23743338.160000004,COP
850,2025-12-04 05:00:00,TRANSFERENCIA CTA SUC VIRTUAL,-128650.0,23614688.160000004,COP
851,2025-12-04 05:00:00,TRANSFERENCIA CTA SUC VIRTUAL,-128650.0,23486038.160000004,COP
852,2025-12-04 05:00:00,ABONO INTERESES AHORROS,32.52,23486070.680000003,COP
853,2025-12-06 05:00:00,COMPRA EN  SURTIPLAZA,-52100.0,23433970.680000003,COP
854,2025-12-06 05:00:00,COMPRA EN  SUPERMERCA,-159517.0,23274453.680000003,COP
855,2025-12-06 05:00:00,ABONO INTERESES AHORROS,64.34,23274518.020000003,COP
856,2025-12-06 05:00:00,PAGO PSE COMUNICACION CELULAR,-133296.0,23141222.020000003,COP
857,2025-12-07 05:00:00,COMPRA EN  SUPERMERCA,-57140.0,23084082.020000003,COP
858,2025-12-07 05:00:00,COMPRA EN  SUPERTIEND,-202226.0,22881856.020000003,COP
859,2025-12-07 05:00:00,COMPRA EN  LITTLE MIC,-54064.0,22827792.020000003,COP
860,2025-12-07 05:00:00,ABONO INTERESES AHORROS,31.7,22827823.720000003,COP
861,2025-12-07 05:00:00,COMPRA EN  DECATHLON,-67000.0,22760823.720000003,COP
862,2025-12-07 05:00:00,COMPRA EN  SUPERMERCA,-42850.0,22717973.720000003,COP
863,2025-12-07 05:00:00,RETIRO CAJERO,-100000.0,22617973.720000003,COP
864,2025-12-12 05:00:00,COMPRA EN  METRO IBAG,-204708.0,22413265.720000003,COP
865,2025-12-12 05:00:00,TRANSFERENCIA CTA SUC VIRTUAL,-1169500.0,21243765.720000003,COP
866,2025-12-12 05:00:00,PAGO DE NOMI UNIV DE IBAGUE,17587027.0,38830792.72,COP
867,2025-12-12 05:00:00,ABONO INTERESES AHORROS,154.9,38830947.620000005,COP
868,2025-12-13 05:00:00,RETIRO CAJERO,-500000.0,38330947.620000005,COP
869,2025-12-13 05:00:00,COMPRA EN  DROGUERIA,-22800.0,38308147.620000005,COP
870,2025-12-13 05:00:00,ABONO INTERESES AHORROS,53.19,38308200.81,COP
871,2025-12-14 05:00:00,COMPRA EN  ELA ESTACI,-104930.0,38203270.81,COP
872,2025-12-14 05:00:00,COMPRA EN  ALMACEN CA,-159900.0,38043370.81,COP
873,2025-12-14 05:00:00,COMPRA EN  SUPERMERCA,-46937.0,37996433.81,COP
874,2025-12-14 05:00:00,COMPRA EN  PUMA STORE,-259800.0,37736633.81,COP
875,2025-12-14 05:00:00,COMPRA EN  FALABELLA,-149990.0,37586643.81,COP
876,2025-12-14 05:00:00,COMPRA EN  TIENDA TU,-219800.0,37366843.81,COP
877,2025-12-14 05:00:00,ABONO INTERESES AHORROS,52.47,37366896.28,COP
878,2025-12-14 05:00:00,COMPRA EN  LITTLE MIC,-54064.0,37312832.28,COP
879,2025-12-15 05:00:00,RETIRO CAJERO,-100000.0,37212832.28,COP
880,2025-12-15 05:00:00,RETIRO CAJERO,-1500000.0,35712832.28,COP
881,2025-12-15 05:00:00,ABONO INTERESES AHORROS,51.11,35712883.39,COP
882,2025-12-16 05:00:00,ABONO INTERESES AHORROS,48.92,35712932.31,COP
883,2025-12-16 05:00:00,COMPRA EN  KIOTO,-55250.0,35657682.31,COP
884,2025-12-17 05:00:00,ABONO INTERESES AHORROS,48.84,35657731.150000006,COP
885,2025-12-17 05:00:00,COMPRA EN  SUPERMERCA,-222600.0,35435131.150000006,COP
886,2025-12-18 05:00:00,PAGO DE NOMI UNIV DE IBAGUE,5628278.0,41063409.150000006,COP
887,2025-12-18 05:00:00,ABONO INTERESES AHORROS,48.54,41063457.69,COP
888,2025-12-19 05:00:00,COMPRA EN  SUPERMERCA,-51466.0,41011991.69,COP
889,2025-12-19 05:00:00,ABONO INTERESES AHORROS,56.25,41012047.94,COP
890,2025-12-20 05:00:00,PAGO QR CONSULTORIO C,-480000.0,40532047.94,COP
891,2025-12-20 05:00:00,COMPRA EN  SUPERMERCA,-189004.0,40343043.94,COP
892,2025-12-20 05:00:00,COMPRA EN  EXITO CALL,-35360.0,40307683.94,COP
893,2025-12-20 05:00:00,COMPRA EN  PWSCCO*BBC,-52684.0,40254999.94,COP
894,2025-12-20 05:00:00,ABONO INTERESES AHORROS,56.18,40255056.120000005,COP
895,2025-12-21 05:00:00,ABONO INTERESES AHORROS,55.14,40255111.260000005,COP
896,2025-12-21 05:00:00,COMPRA EN  SUPERMERCA,-31699.0,40223412.260000005,COP
897,2025-12-21 05:00:00,RETIRO CAJERO,-500000.0,39723412.260000005,COP
898,2025-12-22 05:00:00,ABONO INTERESES AHORROS,54.41,39723466.67,COP
899,2025-12-22 05:00:00,COMPRA EN  JUMBO EL V,-97623.0,39625843.67,COP
900,2025-12-22 05:00:00,COMPRA EN  SEVEN SEVE,-129900.0,39495943.67,COP
901,2025-12-22 05:00:00,COMPRA EN  SUPERMERCA,-29750.0,39466193.67,COP
902,2025-12-22 05:00:00,COMPRA EN  METRO IBAG,-310680.0,39155513.67,COP
903,2025-12-22 05:00:00,PAGO PSE COMUNICACION CELULAR,-32000.0,39123513.67,COP
904,2025-12-22 05:00:00,COMPRA EN  TIENDA D1,-45100.0,39078413.67,COP
905,2025-12-23 05:00:00,COMPRA EN  FUENTE DE,-29800.0,39048613.67,COP
906,2025-12-23 05:00:00,ABONO INTERESES AHORROS,53.53,39048667.2,COP
907,2025-12-23 05:00:00,COMPRA EN  LUIS ABEL,-32800.0,39015867.2,COP
908,2025-12-23 05:00:00,COMPRA EN  SEVEN.SEVE,-39900.0,38975967.2,COP
909,2025-12-23 05:00:00,COMPRA EN  PATPRIMO 2,-589900.0,38386067.2,COP
910,2025-12-23 05:00:00,COMPRA EN  SUPERTIEND,-139330.0,38246737.2,COP
911,2025-12-23 05:00:00,COMPRA EN  LEVIS ACQU,-320800.0,37925937.2,COP
912,2025-12-23 05:00:00,COMPRA EN  SURTIPLAZA,-232750.0,37693187.2,COP
913,2025-12-23 05:00:00,COMPRA EN  ADRISSA IB,-204800.0,37488387.2,COP
914,2025-12-23 05:00:00,COMPRA EN  268 FACOL,-64800.0,37423587.2,COP
915,2025-12-24 05:00:00,COMPRA EN  SUPERMERCA,-31500.0,37392087.2,COP
916,2025-12-24 05:00:00,ABONO INTERESES AHORROS,51.26,37392138.46,COP
917,2025-12-24 05:00:00,COMPRA EN  SUPERMERCA,-36040.0,37356098.46,COP
918,2025-12-24 05:00:00,COMPRA EN  SUPERMERCA,-160300.0,37195798.46,COP
919,2025-12-24 05:00:00,COMPRA EN  HOMECENTER,-528800.0,36666998.46,COP
920,2025-12-24 05:00:00,COMPRA EN  JUMBO EL V,-30280.0,36636718.46,COP
921,2025-12-26 05:00:00,COMPRA EN  SUPERMERCA,-37950.0,36598768.46,COP
922,2025-12-26 05:00:00,COMPRA EN  JUMBO EL V,-83268.0,36515500.46,COP
923,2025-12-26 05:00:00,PAGO PSE CARDPAY PSP COLOMBIA,-200000.0,36315500.46,COP
924,2025-12-26 05:00:00,ABONO INTERESES AHORROS,100.36,36315600.82,COP
925,2025-12-27 05:00:00,COMPRA EN  JV IBAGUE,-37500.0,36278100.82,COP
926,2025-12-27 05:00:00,COMPRA EN  SUPERTIEND,-197358.0,36080742.82,COP
927,2025-12-27 05:00:00,ABONO INTERESES AHORROS,49.74,36080792.56,COP
928,2025-12-28 05:00:00,COMPRA EN  JUMBO EL V,-165880.0,35914912.56,COP
929,2025-12-28 05:00:00,ABONO INTERESES AHORROS,49.42,35914961.980000004,COP
930,2025-12-29 05:00:00,RETIRO CAJERO,-500000.0,35414961.980000004,COP
931,2025-12-29 05:00:00,COMPRA EN  JUMBO EL V,-26970.0,35387991.980000004,COP
932,2025-12-29 05:00:00,COMPRA EN  RAGGED MUL,-169900.0,35218091.980000004,COP
933,2025-12-29 05:00:00,ABONO INTERESES AHORROS,49.19,35218141.17,COP
934,2025-12-30 05:00:00,TRANSFERENCIAS A NEQUI,-5300.0,35212841.17,COP
935,2025-12-30 05:00:00,PAGO APP CELSIA COLOMBIA TOLI,-99114.0,35113727.17,COP
936,2025-12-30 05:00:00,ABONO INTERESES AHORROS,48.24,35113775.410000004,COP
937,2025-12-30 05:00:00,TRANSFERENCIA CTA SUC VIRTUAL,-372300.0,34741475.410000004,COP
938,2025-12-30 05:00:00,COMPRA EN  METRO IBAG,-124990.0,34616485.410000004,COP
939,2025-12-30 05:00:00,TRANSFERENCIA CTA SUC VIRTUAL,-14700.0,34601785.410000004,COP
940,2025-12-30 05:00:00,COMPRA EN  SUPERMERCA,-245640.0,34356145.410000004,COP
941,2025-12-30 05:00:00,PAGO APP IBAL SA ESP OFICIAL,-42600.0,34313545.410000004,COP
942,2025-12-30 05:00:00,PAGO APP ALCANOS DE COLOMBIA,-52730.0,34260815.410000004,COP
943,2025-12-31 05:00:00,ABONO INTERESES AHORROS,46.88,34260862.29,COP
944,2025-12-31 05:00:00,PAGO PSE COMUNICACION CELULAR,-32000.0,34228862.29,COP
945,2025-12-31 05:00:00,ABONO INTERESES AHORROS,46.93,34228909.22,COP
